es_tail_evidence,exception_rate_99,exceptions_99,expected_exceptions_99,first_date,fz0_mean,last_date,max_excess_99_eur,mean_es_975_eur,mean_var_99_eur,model,n,signed_hpl_eur,split,sum_excess_99_eur,tail_count_975,year
insufficient,0.003875968992248062,1,2.5800000000000001,2004-01-05,-4.9027890531997276,2004-12-31,12106.85465973512,42457.935732144193,38729.427822271267,ewma_fhs,258,-142672.08998421748,development,12106.85465973512,5,2004
insufficient,0.015503875968992248,4,2.5800000000000001,2004-01-05,-4.833449655228784,2004-12-31,17181.913652637708,34076.103702346838,33909.1353932817,ewma_gaussian,258,-142672.08998421748,development,28946.653322475126,11,2004
insufficient,0,0,2.5800000000000001,2004-01-05,-4.749292548282952,2004-12-31,0,53641.991319478257,49131.208627123968,historical,258,-142672.08998421748,development,0,1,2004
insufficient,0.01556420233463035,4,2.5699999999999998,2005-01-03,-5.0316034701630423,2005-12-30,5785.7131120842314,33782.581554988406,31743.129309352884,ewma_fhs,257,249119.43919688155,development,14643.004382900057,5,2005
insufficient,0.01556420233463035,4,2.5699999999999998,2005-01-03,-5.0344561909828389,2005-12-30,6141.9711415081765,31227.596587092852,31074.585578444112,ewma_gaussian,257,249119.43919688155,development,19828.605146307666,5,2005
insufficient,0,0,2.5699999999999998,2005-01-03,-4.9667506982452192,2005-12-30,0,42585.340117418418,41357.926920955542,historical,257,249119.43919688155,development,0,3,2005
insufficient,0.0078431372549019607,2,2.5500000000000003,2006-01-02,-5.1851647404767585,2006-12-29,3712.1789868362976,29776.97658506404,29625.731272469075,ewma_fhs,255,-270037.04968731344,development,6921.1468972524417,6,2006
insufficient,0.023529411764705882,6,2.5500000000000003,2006-01-02,-5.1189124690157124,2006-12-29,5538.2313983742715,25539.436042436002,25414.296252754324,ewma_gaussian,255,-270037.04968731344,development,20541.869539384868,13,2006
insufficient,0,0,2.5500000000000003,2006-01-02,-5.0835888773989772,2006-12-29,0,36436.69959743358,36497.40603848661,historical,255,-270037.04968731344,development,0,2,2006
insufficient,0.0039215686274509803,1,2.5500000000000003,2007-01-02,-5.2508600179258513,2007-12-31,1619.5941231634934,31304.423988329872,31435.748855374255,ewma_fhs,255,-262987.30781624431,development,1619.5941231634934,2,2007
insufficient,0.023529411764705882,6,2.5500000000000003,2007-01-02,-5.1891367690768675,2007-12-31,9347.2403416481575,22334.346225341498,22224.910943189101,ewma_gaussian,255,-262987.30781624431,development,24837.01195283058,9,2007
insufficient,0.0039215686274509803,1,2.5500000000000003,2007-01-02,-5.1598757646058999,2007-12-31,3206.0101085467577,31657.749116311978,31876.947611323551,historical,255,-262987.30781624431,development,3206.0101085467577,3,2007
insufficient,0.0078125,2,2.5600000000000001,2008-01-02,-4.699401200259838,2008-12-31,11834.878309950815,53461.010024916817,54394.212678827142,ewma_fhs,256,14411.032043721745,development,14222.958786189738,3,2008
insufficient,0.015625,4,2.5600000000000001,2008-01-02,-4.7426907375558747,2008-12-31,23165.073841720674,43350.411543361362,43138.000377580858,ewma_gaussian,256,14411.032043721745,development,34465.08578467484,7,2008
count_threshold_met_not_tested,0.0703125,18,2.5600000000000001,2008-01-02,-3.6292864887312049,2008-12-31,56425.142214113745,28767.59517607043,28666.904999891547,historical,256,14411.032043721745,development,237179.08865217917,24,2008
insufficient,0,0,2.5600000000000001,2009-01-02,-4.7533256550669192,2009-12-31,0,54127.383546348072,54317.338520231642,ewma_fhs,256,186971.50497582715,development,0,1,2009
insufficient,0,0,2.5600000000000001,2009-01-02,-4.8801349126389209,2009-12-31,0,46929.365043452541,46699.417488554529,ewma_gaussian,256,186971.50497582715,development,0,4,2009
insufficient,0.01171875,3,2.5600000000000001,2009-01-02,-4.6917701514058088,2009-12-31,14012.38264938083,42487.699391007904,39972.928390834,historical,256,186971.50497582715,development,21291.9407386436,12,2009
insufficient,0.01937984496124031,5,2.5800000000000001,2010-01-04,-4.4427179066530726,2010-12-31,29473.873165230041,47940.085291905416,46529.839933181815,ewma_fhs,258,745910.79475238163,test,69220.627919614955,10,2010
insufficient,0.0077519379844961239,2,2.5800000000000001,2010-01-04,-4.4698990285816143,2010-12-31,21296.251156081831,56552.982912066807,56275.880928462764,ewma_gaussian,258,745910.79475238163,test,41653.132227596536,4,2010
insufficient,0.031007751937984496,8,2.5800000000000001,2010-01-04,-4.3037322343350866,2010-12-31,23757.618485938729,50455.169760045879,48391.130758688247,historical,258,745910.79475238163,test,72077.850777144835,15,2010
insufficient,0.027237354085603113,7,2.5699999999999998,2011-01-03,-3.9429952323784105,2011-12-30,32138.185715255342,62386.249900247276,61307.281066602438,ewma_fhs,257,237321.56367836305,test,130539.78244014927,13,2011
insufficient,0.01556420233463035,4,2.5699999999999998,2011-01-03,-4.1447192677659555,2011-12-30,33105.28030543444,65282.952462506866,64963.074806344732,ewma_gaussian,257,237321.56367836305,test,82451.114291611506,8,2011
insufficient,0.027237354085603113,7,2.5699999999999998,2011-01-03,-4.0408058178990522,2011-12-30,49118.46174931826,60931.926012050826,60417.406402918932,historical,257,237321.56367836305,test,114699.02038969789,11,2011
insufficient,0.02734375,7,2.5600000000000001,2012-01-02,-4.4931145171050959,2012-12-31,10693.224755617084,43356.47098310163,43515.813127142734,ewma_fhs,256,-147566.38670310233,test,33012.187438174806,11,2012
insufficient,0.0234375,6,2.5600000000000001,2012-01-02,-4.6098051415662287,2012-12-31,11412.07303900949,43789.06775145969,43574.507229462666,ewma_gaussian,256,-147566.38670310233,test,30516.618079615888,9,2012
insufficient,0,0,2.5600000000000001,2012-01-02,-4.5518211462039471,2012-12-31,0,66899.164211619835,66672.250485464523,historical,256,-147566.38670310233,test,0,2,2012
insufficient,0.011764705882352941,3,2.5500000000000003,2013-01-02,-4.5204394685341258,2013-12-31,15818.808148130811,54728.81206010194,55949.499656417473,ewma_fhs,255,-566653.21944181516,test,24332.607823259306,6,2013
insufficient,0.015686274509803921,4,2.5500000000000003,2013-01-02,-4.5483177020319445,2013-12-31,13943.536015595411,47996.14150973795,47760.966894132463,ewma_gaussian,255,-566653.21944181516,test,32584.530781969621,11,2013
insufficient,0.0078431372549019607,2,2.5500000000000003,2013-01-02,-4.5171677789206015,2013-12-31,4890.3537993231148,58344.252439624273,59460.627703722508,historical,255,-566653.21944181516,test,9502.3107749035116,7,2013
insufficient,0.0039215686274509803,1,2.5500000000000003,2014-01-02,-5.1508993608269291,2014-12-31,2215.8443596805009,33793.551681145851,33205.512657238192,ewma_fhs,255,250338.93822950014,test,2215.8443596805009,2,2014
insufficient,0.011764705882352941,3,2.5500000000000003,2014-01-02,-5.2203489409392985,2014-12-31,3294.6673794634298,28192.26053315448,28054.122261506345,ewma_gaussian,255,250338.93822950014,test,6700.0790869187549,6,2014
insufficient,0,0,2.5500000000000003,2014-01-02,-4.7414482204399704,2014-12-31,0,54407.414389176811,54605.657549787516,historical,255,250338.93822950014,test,0,0,2014
insufficient,0.01953125,5,2.5600000000000001,2015-01-02,-4.046604940791239,2015-12-31,37970.081513850426,82811.334036512548,77339.013698271359,ewma_fhs,256,412521.12090209115,test,92114.571847800573,7,2015
insufficient,0.01953125,5,2.5600000000000001,2015-01-02,-4.0568586362082844,2015-12-31,40893.19239716704,71064.899235683479,70716.690820692384,ewma_gaussian,256,412521.12090209115,test,96170.344804228225,7,2015
insufficient,0.02734375,7,2.5600000000000001,2015-01-02,-4.1326273862385712,2015-12-31,38087.908757485704,53386.755560898455,48738.079571742346,historical,256,412521.12090209115,test,146877.87839753268,12,2015
insufficient,0.0038910505836575876,1,2.5699999999999998,2016-01-04,-4.5128822691841703,2016-12-30,3513.546651393277,63734.102124132391,62741.820785765478,ewma_fhs,257,610.37843720222372,test,3513.546651393277,3,2016
insufficient,0.023346303501945526,6,2.5699999999999998,2016-01-04,-4.5561260113500346,2016-12-30,19361.758789259562,45000.323814908981,44779.82830167807,ewma_gaussian,257,610.37843720222372,test,46019.672155780841,10,2016
insufficient,0.011673151750972763,3,2.5699999999999998,2016-01-04,-4.5149677893921396,2016-12-30,20361.678698280673,56870.119757243992,55235.943676759947,historical,257,610.37843720222372,test,42969.511155667118,3,2016
insufficient,0.011764705882352941,3,2.5500000000000003,2017-01-02,-4.6201696275888207,2017-12-29,40401.135646191688,44887.863858327852,43232.172579069709,ewma_fhs,255,-442864.8076225234,test,45626.236382960888,10,2017
insufficient,0.023529411764705882,6,2.5500000000000003,2017-01-02,-4.5152195576756293,2017-12-29,49699.441875828794,39090.348174176623,38898.810743946291,ewma_gaussian,255,-442864.8076225234,test,69209.21822537671,9,2017
insufficient,0.0039215686274509803,1,2.5500000000000003,2017-01-02,-4.6586353683671593,2017-12-29,32069.318252120625,52777.358255218263,48058.656544349797,historical,255,-442864.8076225234,test,32069.318252120625,4,2017
insufficient,0,0,2.5500000000000003,2018-01-02,-5.0467128269376955,2018-12-31,0,40225.706044663384,37400.507605398576,ewma_fhs,255,108626.02162439481,test,0,4,2018
insufficient,0,0,2.5500000000000003,2018-01-02,-5.1056117575857787,2018-12-31,0,33443.123597092126,33279.256805112665,ewma_gaussian,255,108626.02162439481,test,0,6,2018
insufficient,0,0,2.5500000000000003,2018-01-02,-4.8773257842432765,2018-12-31,0,50584.164516338999,46054.299126821948,historical,255,108626.02162439481,test,0,1,2018
insufficient,0.0078431372549019607,2,2.5500000000000003,2019-01-02,-5.060840553110701,2019-12-31,14601.175179473139,34140.258978381185,31969.899261867577,ewma_fhs,255,163453.1073971492,test,24672.023836388544,4,2019
insufficient,0.011764705882352941,3,2.5500000000000003,2019-01-02,-5.1051501806828519,2019-12-31,19525.105568739171,26213.882832675146,26085.438344747909,ewma_gaussian,255,163453.1073971492,test,36411.649763210909,4,2019
insufficient,0.0039215686274509803,1,2.5500000000000003,2019-01-02,-4.882378556423089,2019-12-31,10519.556076861409,46484.986635111563,42343.765262733548,historical,255,163453.1073971492,test,10519.556076861409,2,2019
insufficient,0.011673151750972763,3,2.5699999999999998,2020-01-02,-4.6999435981551549,2020-12-31,15811.594405900338,44224.030334382143,41495.103486807806,ewma_fhs,257,-165525.38130517327,test,18702.830858910675,12,2020
insufficient,0.038910505836575876,10,2.5699999999999998,2020-01-02,-4.5775053660410094,2020-12-31,18762.900326594048,35638.607663695009,35463.983296102386,ewma_gaussian,257,-165525.38130517327,test,59120.665246584264,12,2020
insufficient,0.023346303501945526,6,2.5699999999999998,2020-01-02,-4.6504256105518591,2020-12-31,18744.057253600688,39309.829065439939,37270.586607044381,historical,257,-165525.38130517327,test,60307.443086667961,8,2020
insufficient,0,0,2.5800000000000001,2021-01-04,-5.3538931875114644,2021-12-31,0,29688.95687826187,28267.332364279973,ewma_fhs,258,193495.55144072196,test,0,0,2021
insufficient,0.011627906976744186,3,2.5800000000000001,2021-01-04,-5.4300563633618575,2021-12-31,2653.8973264909037,22165.701331108248,22057.09238617646,ewma_gaussian,258,193495.55144072196,test,5531.4145538903686,8,2021
insufficient,0,0,2.5800000000000001,2021-01-04,-5.1719784287484982,2021-12-31,0,36545.415998254743,35103.524694946027,historical,258,193495.55144072196,test,0,0,2021
insufficient,0.011673151750972763,3,2.5699999999999998,2022-01-03,-4.367025959496436,2022-12-30,61760.129241385504,56671.833188212957,50389.177646725097,ewma_fhs,257,18102.777032339465,test,72182.102279193394,5,2022
insufficient,0.01556420233463035,4,2.5699999999999998,2022-01-03,-4.1177833385555109,2022-12-30,69499.750249664648,51107.765640215868,50857.344486330934,ewma_gaussian,257,18102.777032339465,test,83377.887054250023,5,2022
count_threshold_met_not_tested,0.027237354085603113,7,2.5699999999999998,2022-01-03,-4.0747792050405094,2022-12-30,57233.798455602613,41637.841086919827,39609.305460259828,historical,257,18102.777032339465,test,118111.98514437757,23,2022
insufficient,0.0039215686274509803,1,2.5500000000000003,2023-01-02,-5.0405161995379597,2023-12-29,1231.7616681162071,41472.979926839384,37108.460302577849,ewma_fhs,255,-57402.648820240254,test,1231.7616681162071,4,2023
insufficient,0.0078431372549019607,2,2.5500000000000003,2023-01-02,-5.0907787278451089,2023-12-29,5245.8510453111339,33189.942205244988,33027.315967914998,ewma_gaussian,255,-57402.648820240254,test,5811.9550690998258,4,2023
insufficient,0,0,2.5500000000000003,2023-01-02,-4.9723402730406248,2023-12-29,0,43184.864769604552,41567.470197019829,historical,255,-57402.648820240254,test,0,1,2023
insufficient,0.0078125,2,2.5600000000000001,2024-01-02,-5.1418800639544333,2024-12-31,6924.2522974359308,32576.058768742336,29402.934284831888,ewma_fhs,256,17602.914352543186,test,9021.7769227213139,7,2024
insufficient,0.01171875,3,2.5600000000000001,2024-01-02,-5.197498442878552,2024-12-31,3836.9174625134256,29040.688790738695,28898.393335136403,ewma_gaussian,256,17602.914352543186,test,6643.3736033067253,5,2024
insufficient,0,0,2.5600000000000001,2024-01-02,-5.0562521952193036,2024-12-31,0,39423.908551883374,36616.26385218167,historical,256,17602.914352543186,test,0,4,2024
insufficient,0.015686274509803921,4,2.5500000000000003,2025-01-02,-4.7860712618161543,2025-12-31,41398.791431253856,35267.073275580144,30598.393984671176,ewma_fhs,255,-305424.08154885587,test,88092.950400757632,7,2025
insufficient,0.023529411764705882,6,2.5500000000000003,2025-01-02,-4.8732131446490587,2025-12-31,42538.246437830981,29442.717255652373,29298.451914831719,ewma_gaussian,255,-305424.08154885587,test,72799.98262369039,7,2025
insufficient,0.019607843137254902,5,2.5500000000000003,2025-01-02,-4.6137067483712011,2025-12-31,36969.109962428171,41182.878717342355,37293.827271645285,historical,255,-305424.08154885587,test,82565.351553894143,5,2025
