event_id,anchor_date,as_of,date,es_975_eur,exception_99,loss_eur,model,relative_observation,signed_hpl_eur,var_99_eur
chf_floor_2015,2015-01-15,2014-12-12,2014-12-15,40260.057144080078,False,6271.4352503722339,ewma_fhs,-20,-6271.4352503722339,38632.260263042095
chf_floor_2015,2015-01-15,2014-12-15,2014-12-16,39256.94660816923,False,5884.4812409116112,ewma_fhs,-19,-5884.4812409116112,37686.144882318222
chf_floor_2015,2015-01-15,2014-12-16,2014-12-17,41325.148045790309,False,-10340.719556417262,ewma_fhs,-18,10340.719556417262,40263.747760054895
chf_floor_2015,2015-01-15,2014-12-17,2014-12-18,40992.317447820074,False,-30504.413956767821,ewma_fhs,-17,30504.413956767821,39992.05745321323
chf_floor_2015,2015-01-15,2014-12-18,2014-12-19,44854.621068913766,False,-602.07931973211055,ewma_fhs,-16,602.07931973211055,43471.534661502446
chf_floor_2015,2015-01-15,2014-12-19,2014-12-22,43679.953637582061,False,5513.3140820740427,ewma_fhs,-15,-5513.3140820740427,42643.947433225963
chf_floor_2015,2015-01-15,2014-12-22,2014-12-23,42615.590673485684,False,-5970.355390706306,ewma_fhs,-14,5970.355390706306,41579.922838648417
chf_floor_2015,2015-01-15,2014-12-23,2014-12-24,41684.691187184973,False,3125.1425314584726,ewma_fhs,-13,-3125.1425314584726,40725.632406655677
chf_floor_2015,2015-01-15,2014-12-24,2014-12-29,40454.918843830696,False,-11442.87275117123,ewma_fhs,-12,11442.87275117123,39594.1475785332
chf_floor_2015,2015-01-15,2014-12-29,2014-12-30,39789.921575530789,False,-21542.216621239957,ewma_fhs,-11,21542.216621239957,38636.984127417018
chf_floor_2015,2015-01-15,2014-12-30,2014-12-31,40682.789017094838,False,-10842.250672649545,ewma_fhs,-10,10842.250672649545,39594.615941250559
chf_floor_2015,2015-01-15,2014-12-31,2015-01-02,39914.795834668192,False,-6596.6679554569228,ewma_fhs,-9,6596.6679554569228,38783.349045522635
chf_floor_2015,2015-01-15,2015-01-02,2015-01-05,39639.455075333455,False,-29651.212305554101,ewma_fhs,-8,29651.212305554101,39106.951568809403
chf_floor_2015,2015-01-15,2015-01-05,2015-01-06,43398.037468404094,False,-16172.855598649665,ewma_fhs,-7,16172.855598649665,43400.593217801201
chf_floor_2015,2015-01-15,2015-01-06,2015-01-07,43797.342029091538,False,-11871.845292114607,ewma_fhs,-6,11871.845292114607,44041.203181983306
chf_floor_2015,2015-01-15,2015-01-07,2015-01-08,43420.03512263525,False,-19472.743240799813,ewma_fhs,-5,19472.743240799813,43402.850230547694
chf_floor_2015,2015-01-15,2015-01-08,2015-01-09,43568.937454342842,False,446.61212377964847,ewma_fhs,-4,-446.61212377964847,43513.398638378167
chf_floor_2015,2015-01-15,2015-01-09,2015-01-12,42462.48202768551,False,-4077.8248905269375,ewma_fhs,-3,4077.8248905269375,42427.151581719241
chf_floor_2015,2015-01-15,2015-01-12,2015-01-13,41271.779649693191,False,-16199.432370263592,ewma_fhs,-2,16199.432370263592,41253.700779365397
chf_floor_2015,2015-01-15,2015-01-13,2015-01-14,41104.101545537531,False,-14325.950947680099,ewma_fhs,-1,14325.950947680099,41509.155432445456
chf_floor_2015,2015-01-15,2015-01-14,2015-01-15,42638.110992811424,False,-268604.65699154069,ewma_fhs,0,268604.65699154069,42703.945717745359
chf_floor_2015,2015-01-15,2015-01-15,2015-01-16,271052.06787628739,False,-51033.762239015523,ewma_fhs,1,51033.762239015523,249471.47927930503
chf_floor_2015,2015-01-15,2015-01-16,2015-01-19,268520.70494677551,False,14240.693823371705,ewma_fhs,2,-14240.693823371705,245967.86325851348
chf_floor_2015,2015-01-15,2015-01-19,2015-01-20,260864.0613523933,False,-3741.4534415293697,ewma_fhs,3,3741.4534415293697,238399.21710141888
chf_floor_2015,2015-01-15,2015-01-20,2015-01-21,254044.87624829912,False,-18735.588563434445,ewma_fhs,4,18735.588563434445,231739.49566199887
chf_floor_2015,2015-01-15,2015-01-21,2015-01-22,249358.12764839263,False,10545.540967796203,ewma_fhs,5,-10545.540967796203,226740.28148634089
chf_floor_2015,2015-01-15,2015-01-22,2015-01-23,243534.62989008997,False,-126955.39410711946,ewma_fhs,6,126955.39410711946,221338.16952165565
chf_floor_2015,2015-01-15,2015-01-23,2015-01-26,250386.47840865541,False,49908.547691972155,ewma_fhs,7,-49908.547691972155,226489.99627927935
chf_floor_2015,2015-01-15,2015-01-26,2015-01-27,240818.25621696759,False,28791.915940221559,ewma_fhs,8,-28791.915940221559,217670.18756429336
chf_floor_2015,2015-01-15,2015-01-27,2015-01-28,231704.24425606988,False,18479.299666000945,ewma_fhs,9,-18479.299666000945,209090.31128182448
chf_floor_2015,2015-01-15,2015-01-28,2015-01-29,223575.0580220244,False,39949.895985289142,ewma_fhs,10,-39949.895985289142,201632.12413767196
chf_floor_2015,2015-01-15,2015-01-29,2015-01-30,216234.30770516305,False,14374.606115746808,ewma_fhs,11,-14374.606115746808,196138.86184988671
chf_floor_2015,2015-01-15,2015-01-30,2015-02-02,208607.51037005559,False,8496.0862152952759,ewma_fhs,12,-8496.0862152952759,188958.54085510119
chf_floor_2015,2015-01-15,2015-02-02,2015-02-03,199119.2811457114,False,33734.395657933725,ewma_fhs,13,-33734.395657933725,182465.16816889303
chf_floor_2015,2015-01-15,2015-02-03,2015-02-04,193680.49755177632,False,16161.55218685503,ewma_fhs,14,-16161.55218685503,176388.07425116506
chf_floor_2015,2015-01-15,2015-02-04,2015-02-05,187313.32102104637,False,-21854.39716259847,ewma_fhs,15,21854.39716259847,170128.73424092095
chf_floor_2015,2015-01-15,2015-02-05,2015-02-06,182259.38435449961,False,-6189.2368199125285,ewma_fhs,16,6189.2368199125285,165134.49019537706
chf_floor_2015,2015-01-15,2015-02-06,2015-02-09,177683.14011497851,False,-54700.519713065441,ewma_fhs,17,54700.519713065441,161064.25705960143
chf_floor_2015,2015-01-15,2015-02-09,2015-02-10,175952.15255848636,False,21400.084784163417,ewma_fhs,18,-21400.084784163417,158998.60371841112
chf_floor_2015,2015-01-15,2015-02-10,2015-02-11,170473.16173345494,False,12465.782795146704,ewma_fhs,19,-12465.782795146704,153737.0150871643
chf_floor_2015,2015-01-15,2015-02-11,2015-02-12,165400.50584938508,False,25678.043705133001,ewma_fhs,20,-25678.043705133001,148909.37311818142
chf_floor_2015,2015-01-15,2014-12-12,2014-12-15,36879.906773776638,False,6271.4352503722339,ewma_gaussian,-20,-6271.4352503722339,36699.200208076363
chf_floor_2015,2015-01-15,2014-12-15,2014-12-16,35855.758293039828,False,5884.4812409116112,ewma_gaussian,-19,-5884.4812409116112,35680.069916671113
chf_floor_2015,2015-01-15,2014-12-16,2014-12-17,34840.213201141254,False,-10340.719556417262,ewma_gaussian,-18,10340.719556417262,34669.500858659951
chf_floor_2015,2015-01-15,2014-12-17,2014-12-18,34375.440284735247,False,-30504.413956767821,ewma_gaussian,-17,30504.413956767821,34207.005266816319
chf_floor_2015,2015-01-15,2014-12-18,2014-12-19,38048.325288134896,False,-602.07931973211055,ewma_gaussian,-16,602.07931973211055,37861.8936294097
chf_floor_2015,2015-01-15,2014-12-19,2014-12-22,36887.897906287231,False,5513.3140820740427,ewma_gaussian,-15,-5513.3140820740427,36707.152185116174
chf_floor_2015,2015-01-15,2014-12-22,2014-12-23,35848.728007894577,False,-5970.355390706306,ewma_gaussian,-14,5970.355390706306,35673.074078974234
chf_floor_2015,2015-01-15,2014-12-23,2014-12-24,34984.99876233386,False,3125.1425314584726,ewma_gaussian,-13,-3125.1425314584726,34813.576990143672
chf_floor_2015,2015-01-15,2014-12-24,2014-12-29,33928.293574767973,False,-11442.87275117123,ewma_gaussian,-12,11442.87275117123,33762.0495153788
chf_floor_2015,2015-01-15,2014-12-29,2014-12-30,33667.684243914038,False,-21542.216621239957,ewma_gaussian,-11,21542.216621239957,33502.717135072955
chf_floor_2015,2015-01-15,2014-12-30,2014-12-31,35088.552184946224,False,-10842.250672649545,ewma_gaussian,-10,10842.250672649545,34916.623014961311
chf_floor_2015,2015-01-15,2014-12-31,2015-01-02,34678.000938373079,False,-6596.6679554569228,ewma_gaussian,-9,6596.6679554569228,34508.083414086388
chf_floor_2015,2015-01-15,2015-01-02,2015-01-05,33888.113436943437,False,-29651.212305554101,ewma_gaussian,-8,29651.212305554101,33722.066254806698
chf_floor_2015,2015-01-15,2015-01-05,2015-01-06,37301.417252870277,False,-16172.855598649665,ewma_gaussian,-7,16172.855598649665,37118.645342711541
chf_floor_2015,2015-01-15,2015-01-06,2015-01-07,37526.744904823005,False,-11871.845292114607,ewma_gaussian,-6,11871.845292114607,37342.868919581022
chf_floor_2015,2015-01-15,2015-01-07,2015-01-08,37114.037371803941,False,-19472.743240799813,ewma_gaussian,-5,19472.743240799813,36932.183597772746
chf_floor_2015,2015-01-15,2015-01-08,2015-01-09,37887.387242066645,False,446.61212377964847,ewma_gaussian,-4,-446.61212377964847,37701.744158046218
chf_floor_2015,2015-01-15,2015-01-09,2015-01-12,36722.986773944816,False,-4077.8248905269375,ewma_gaussian,-3,4077.8248905269375,36543.049095065042
chf_floor_2015,2015-01-15,2015-01-12,2015-01-13,35715.259900937075,False,-16199.432370263592,ewma_gaussian,-2,16199.432370263592,35540.259947727325
chf_floor_2015,2015-01-15,2015-01-13,2015-01-14,35997.4123951031,False,-14325.950947680099,ewma_gaussian,-1,14325.950947680099,35821.029932752608
chf_floor_2015,2015-01-15,2015-01-14,2015-01-15,35998.351929613011,False,-268604.65699154069,ewma_gaussian,0,268604.65699154069,35821.964863670219
chf_floor_2015,2015-01-15,2015-01-15,2015-01-16,178880.45133656872,False,-51033.762239015523,ewma_gaussian,1,51033.762239015523,178003.96126759352
chf_floor_2015,2015-01-15,2015-01-16,2015-01-19,178167.4375205503,False,14240.693823371705,ewma_gaussian,2,-14240.693823371705,177294.44112304182
chf_floor_2015,2015-01-15,2015-01-19,2015-01-20,172922.9576765438,False,-3741.4534415293697,ewma_gaussian,3,3741.4534415293697,172075.65852245048
chf_floor_2015,2015-01-15,2015-01-20,2015-01-21,168097.76939756278,False,-18735.588563434445,ewma_gaussian,4,18735.588563434445,167274.11301480565
chf_floor_2015,2015-01-15,2015-01-21,2015-01-22,164538.93436120375,False,10545.540967796203,ewma_gaussian,5,-10545.540967796203,163732.71578980709
chf_floor_2015,2015-01-15,2015-01-22,2015-01-23,160101.0723639401,False,-126955.39410711946,ewma_gaussian,6,126955.39410711946,159316.59871737467
chf_floor_2015,2015-01-15,2015-01-23,2015-01-26,174328.48864913234,False,49908.547691972155,ewma_gaussian,7,-49908.547691972155,173474.30258297062
chf_floor_2015,2015-01-15,2015-01-26,2015-01-27,168881.98747496281,False,28791.915940221559,ewma_gaussian,8,-28791.915940221559,168054.48852946828
chf_floor_2015,2015-01-15,2015-01-27,2015-01-28,162798.70704651912,False,18479.299666000945,ewma_gaussian,9,-18479.299666000945,162001.01535409491
chf_floor_2015,2015-01-15,2015-01-28,2015-01-29,157345.288234626,False,39949.895985289142,ewma_gaussian,10,-39949.895985289142,156574.3175583602
chf_floor_2015,2015-01-15,2015-01-29,2015-01-30,152688.08424727584,False,14374.606115746808,ewma_gaussian,11,-14374.606115746808,151939.9332419892
chf_floor_2015,2015-01-15,2015-01-30,2015-02-02,147374.76377959567,False,8496.0862152952759,ewma_gaussian,12,-8496.0862152952759,146652.64732748913
chf_floor_2015,2015-01-15,2015-02-02,2015-02-03,142504.12538609482,False,33734.395657933725,ewma_gaussian,13,-33734.395657933725,141805.87440475143
chf_floor_2015,2015-01-15,2015-02-03,2015-02-04,139017.13409780205,False,16161.55218685503,ewma_gaussian,14,-16161.55218685503,138335.96890315003
chf_floor_2015,2015-01-15,2015-02-04,2015-02-05,134409.22555138977,False,-21854.39716259847,ewma_gaussian,15,21854.39716259847,133750.63848670947
chf_floor_2015,2015-01-15,2015-02-05,2015-02-06,131262.31857856188,False,-6189.2368199125285,ewma_gaussian,16,6189.2368199125285,130619.1509333266
chf_floor_2015,2015-01-15,2015-02-06,2015-02-09,127711.95021869184,False,-54700.519713065441,ewma_gaussian,17,54700.519713065441,127086.17889924496
chf_floor_2015,2015-01-15,2015-02-09,2015-02-10,128997.69088140862,False,21400.084784163417,ewma_gaussian,18,-21400.084784163417,128365.61960624425
chf_floor_2015,2015-01-15,2015-02-10,2015-02-11,125242.66039321448,False,12465.782795146704,ewma_gaussian,19,-12465.782795146704,124628.98826064511
chf_floor_2015,2015-01-15,2015-02-11,2015-02-12,121430.36559314327,False,25678.043705133001,ewma_gaussian,20,-25678.043705133001,120835.37319056844
chf_floor_2015,2015-01-15,2014-12-12,2014-12-15,50356.059748397049,False,6271.4352503722339,historical,-20,-6271.4352503722339,47094.377115777039
chf_floor_2015,2015-01-15,2014-12-15,2014-12-16,50307.231445959682,False,5884.4812409116112,historical,-19,-5884.4812409116112,47028.502927779686
chf_floor_2015,2015-01-15,2014-12-16,2014-12-17,50362.228859385184,False,-10340.719556417262,historical,-18,10340.719556417262,47131.357754830402
chf_floor_2015,2015-01-15,2014-12-17,2014-12-18,50438.314659379219,False,-30504.413956767821,historical,-17,30504.413956767821,47186.820705444123
chf_floor_2015,2015-01-15,2014-12-18,2014-12-19,50634.091925511057,False,-602.07931973211055,historical,-16,602.07931973211055,47387.141600331684
chf_floor_2015,2015-01-15,2014-12-19,2014-12-22,50618.000600056723,False,5513.3140820740427,historical,-15,-5513.3140820740427,47353.121270379059
chf_floor_2015,2015-01-15,2014-12-22,2014-12-23,50551.497402909408,False,-5970.355390706306,historical,-14,5970.355390706306,47263.206825581714
chf_floor_2015,2015-01-15,2014-12-23,2014-12-24,50617.690890006961,False,3125.1425314584726,historical,-13,-3125.1425314584726,47330.453977915015
chf_floor_2015,2015-01-15,2014-12-24,2014-12-29,50584.367744805531,False,-11442.87275117123,historical,-12,11442.87275117123,47286.635462258026
chf_floor_2015,2015-01-15,2014-12-29,2014-12-30,50664.207008717538,False,-21542.216621239957,historical,-11,21542.216621239957,47374.892765471282
chf_floor_2015,2015-01-15,2014-12-30,2014-12-31,50900.306387923592,False,-10842.250672649545,historical,-10,10842.250672649545,47643.111448003736
chf_floor_2015,2015-01-15,2014-12-31,2015-01-02,50983.623950535337,False,-6596.6679554569228,historical,-9,6596.6679554569228,47727.510010532955
chf_floor_2015,2015-01-15,2015-01-02,2015-01-05,51051.319417615487,False,-29651.212305554101,historical,-8,29651.212305554101,47775.649935190311
chf_floor_2015,2015-01-15,2015-01-05,2015-01-06,51410.530201815702,False,-16172.855598649665,historical,-7,16172.855598649665,48165.75066605123
chf_floor_2015,2015-01-15,2015-01-06,2015-01-07,51597.166820662635,False,-11871.845292114607,historical,-6,11871.845292114607,48395.363547744426
chf_floor_2015,2015-01-15,2015-01-07,2015-01-08,51726.464801560564,False,-19472.743240799813,historical,-5,19472.743240799813,48512.732192827127
chf_floor_2015,2015-01-15,2015-01-08,2015-01-09,51874.08237443195,False,446.61212377964847,historical,-4,-446.61212377964847,48669.334282771808
chf_floor_2015,2015-01-15,2015-01-09,2015-01-12,51871.659274728998,False,-4077.8248905269375,historical,-3,4077.8248905269375,48680.233746919432
chf_floor_2015,2015-01-15,2015-01-12,2015-01-13,51915.322444330297,False,-16199.432370263592,historical,-2,16199.432370263592,48727.500596745485
chf_floor_2015,2015-01-15,2015-01-13,2015-01-14,52086.657716496615,False,-14325.950947680099,historical,-1,14325.950947680099,48920.694061797993
chf_floor_2015,2015-01-15,2015-01-14,2015-01-15,52318.331510771699,False,-268604.65699154069,historical,0,268604.65699154069,49189.185347704282
chf_floor_2015,2015-01-15,2015-01-15,2015-01-16,55187.606276721352,False,-51033.762239015523,historical,1,51033.762239015523,51278.50911663178
chf_floor_2015,2015-01-15,2015-01-16,2015-01-19,55751.165502390875,False,14240.693823371705,historical,2,-14240.693823371705,51822.104589971786
chf_floor_2015,2015-01-15,2015-01-19,2015-01-20,55580.171094728998,False,-3741.4534415293697,historical,3,3741.4534415293697,51795.141502483362
chf_floor_2015,2015-01-15,2015-01-20,2015-01-21,55557.872793924289,False,-18735.588563434445,historical,4,18735.588563434445,51776.650768923791
chf_floor_2015,2015-01-15,2015-01-21,2015-01-22,55834.469289183122,False,10545.540967796203,historical,5,-10545.540967796203,51974.543924820005
chf_floor_2015,2015-01-15,2015-01-22,2015-01-23,55760.735493164597,False,-126955.39410711946,historical,6,126955.39410711946,51979.222971218514
chf_floor_2015,2015-01-15,2015-01-23,2015-01-26,57088.833695923888,False,49908.547691972155,historical,7,-49908.547691972155,53474.751830231406
chf_floor_2015,2015-01-15,2015-01-26,2015-01-27,56741.952325291037,False,28791.915940221559,historical,8,-28791.915940221559,52682.109164848342
chf_floor_2015,2015-01-15,2015-01-27,2015-01-28,56399.747695343191,False,18479.299666000945,historical,9,-18479.299666000945,52198.887874477514
chf_floor_2015,2015-01-15,2015-01-28,2015-01-29,56165.139020820279,False,39949.895985289142,historical,10,-39949.895985289142,52006.387867126818
chf_floor_2015,2015-01-15,2015-01-29,2015-01-30,55847.937672228414,False,14374.606115746808,historical,11,-14374.606115746808,51720.045258072409
chf_floor_2015,2015-01-15,2015-01-30,2015-02-02,55708.926632471455,False,8496.0862152952759,historical,12,-8496.0862152952759,51652.645313946043
chf_floor_2015,2015-01-15,2015-02-02,2015-02-03,54631.4331880229,False,33734.395657933725,historical,13,-33734.395657933725,50637.128632821485
chf_floor_2015,2015-01-15,2015-02-03,2015-02-04,54379.787335603694,False,16161.55218685503,historical,14,-16161.55218685503,50511.514603472715
chf_floor_2015,2015-01-15,2015-02-04,2015-02-05,54129.457405271583,False,-21854.39716259847,historical,15,21854.39716259847,50219.652418042555
chf_floor_2015,2015-01-15,2015-02-05,2015-02-06,54314.672941496399,False,-6189.2368199125285,historical,16,6189.2368199125285,50369.883837427056
chf_floor_2015,2015-01-15,2015-02-06,2015-02-09,54361.013969644839,False,-54700.519713065441,historical,17,54700.519713065441,50405.637852265441
chf_floor_2015,2015-01-15,2015-02-09,2015-02-10,54856.500439957024,False,21400.084784163417,historical,18,-21400.084784163417,50914.225967033257
chf_floor_2015,2015-01-15,2015-02-10,2015-02-11,54551.764646992655,False,12465.782795146704,historical,19,-12465.782795146704,50755.800729637042
chf_floor_2015,2015-01-15,2015-02-11,2015-02-12,54405.481719498872,False,25678.043705133001,historical,20,-25678.043705133001,50680.723281862563
worst_loss_2008,2008-12-18,2008-11-19,2008-11-20,99409.640633490315,False,-4838.2472065676075,ewma_fhs,-20,4838.2472065676075,102125.89423958329
worst_loss_2008,2008-12-18,2008-11-20,2008-11-21,98392.453930269243,False,18055.642911808049,ewma_fhs,-19,-18055.642911808049,101510.18362333036
worst_loss_2008,2008-12-18,2008-11-21,2008-11-24,95863.419271546751,False,43955.546874456682,ewma_fhs,-18,-43955.546874456682,98860.239172425805
worst_loss_2008,2008-12-18,2008-11-24,2008-11-25,96095.765021930652,False,16361.843033463843,ewma_fhs,-17,-16361.843033463843,99338.955822972726
worst_loss_2008,2008-12-18,2008-11-25,2008-11-26,92969.578193544992,False,-1221.9426951515979,ewma_fhs,-16,1221.9426951515979,96127.572898061728
worst_loss_2008,2008-12-18,2008-11-26,2008-11-27,91064.643632978114,False,-26191.318544516005,ewma_fhs,-15,26191.318544516005,94021.947322399035
worst_loss_2008,2008-12-18,2008-11-27,2008-11-28,90142.060844710053,False,-39952.581347398002,ewma_fhs,-14,39952.581347398002,92522.55000991984
worst_loss_2008,2008-12-18,2008-11-28,2008-12-01,89953.489155134914,False,-33779.17054989902,ewma_fhs,-13,33779.17054989902,93059.223480125729
worst_loss_2008,2008-12-18,2008-12-01,2008-12-02,91133.480924619347,False,14927.248639675792,ewma_fhs,-12,-14927.248639675792,93836.4120268978
worst_loss_2008,2008-12-18,2008-12-02,2008-12-03,88624.627047486007,False,-7143.8947527910695,ewma_fhs,-11,7143.8947527910695,91358.721801038395
worst_loss_2008,2008-12-18,2008-12-03,2008-12-04,86922.558916857073,False,5020.4806937118037,ewma_fhs,-10,-5020.4806937118037,89290.282698597206
worst_loss_2008,2008-12-18,2008-12-04,2008-12-05,84571.90218777681,False,19576.731294189143,ewma_fhs,-9,-19576.731294189143,86933.793815072539
worst_loss_2008,2008-12-18,2008-12-05,2008-12-08,82296.172639859389,False,35074.089110437082,ewma_fhs,-8,-35074.089110437082,84674.442308470811
worst_loss_2008,2008-12-18,2008-12-08,2008-12-09,85234.370888694219,False,2412.737969322573,ewma_fhs,-7,-2412.737969322573,87923.867133371212
worst_loss_2008,2008-12-18,2008-12-09,2008-12-10,83447.640674891692,False,19904.822302347275,ewma_fhs,-6,-19904.822302347275,86081.465506185414
worst_loss_2008,2008-12-18,2008-12-10,2008-12-11,80945.441770848993,False,61305.441279373117,ewma_fhs,-5,-61305.441279373117,83489.820712845118
worst_loss_2008,2008-12-18,2008-12-11,2008-12-12,81466.668896067873,False,26699.665721748483,ewma_fhs,-4,-26699.665721748483,84457.349405131579
worst_loss_2008,2008-12-18,2008-12-12,2008-12-15,80160.907132601904,False,39179.466687035194,ewma_fhs,-3,-39179.466687035194,83221.785885907462
worst_loss_2008,2008-12-18,2008-12-15,2008-12-16,78989.702386714242,False,20871.546485889165,ewma_fhs,-2,-20871.546485889165,81792.031535631933
worst_loss_2008,2008-12-18,2008-12-16,2008-12-17,77297.917619949731,False,48512.58870041839,ewma_fhs,-1,-48512.58870041839,80121.263191984384
worst_loss_2008,2008-12-18,2008-12-17,2008-12-18,79827.330868567558,True,93875.712093265887,ewma_fhs,0,-93875.712093265887,82040.833783315073
worst_loss_2008,2008-12-18,2008-12-18,2008-12-19,89774.742177770255,False,-102109.70433229284,ewma_fhs,1,102109.70433229284,91934.272276919539
worst_loss_2008,2008-12-18,2008-12-19,2008-12-22,102658.10830247767,False,13119.244977240578,ewma_fhs,2,-13119.244977240578,104679.80758465597
worst_loss_2008,2008-12-18,2008-12-22,2008-12-23,99895.020283952254,False,-6638.0228244098735,ewma_fhs,3,6638.0228244098735,101853.32913444116
worst_loss_2008,2008-12-18,2008-12-23,2008-12-24,96907.62557085049,False,6045.9988811002204,ewma_fhs,4,-6045.9988811002204,98691.328526152487
worst_loss_2008,2008-12-18,2008-12-24,2008-12-29,93900.031404430163,False,52508.290260341062,ewma_fhs,5,-52508.290260341062,95309.072743813842
worst_loss_2008,2008-12-18,2008-12-29,2008-12-30,93959.950257901946,False,-31044.395091649749,ewma_fhs,6,31044.395091649749,93975.413450767534
worst_loss_2008,2008-12-18,2008-12-30,2008-12-31,93048.641681163863,False,-53100.643968185119,ewma_fhs,7,53100.643968185119,93300.368197065603
worst_loss_2008,2008-12-18,2008-12-31,2009-01-02,93903.195565552509,False,-7003.3188293736202,ewma_fhs,8,7003.3188293736202,93683.407751516541
worst_loss_2008,2008-12-18,2009-01-02,2009-01-05,92562.544863306204,False,-54752.762826683131,ewma_fhs,9,54752.762826683131,93654.077535247052
worst_loss_2008,2008-12-18,2009-01-05,2009-01-06,99453.394959054422,False,-64874.259503761925,ewma_fhs,10,64874.259503761925,101578.15333885363
worst_loss_2008,2008-12-18,2009-01-06,2009-01-07,102723.48445668117,False,18906.794362971574,ewma_fhs,11,-18906.794362971574,105353.58913927316
worst_loss_2008,2008-12-18,2009-01-07,2009-01-08,101177.77164170131,False,-9331.4836738567901,ewma_fhs,12,9331.4836738567901,102975.54401598209
worst_loss_2008,2008-12-18,2009-01-08,2009-01-09,101702.15923991472,False,10968.929322033317,ewma_fhs,13,-10968.929322033317,104508.48264739526
worst_loss_2008,2008-12-18,2009-01-09,2009-01-12,98489.805973636961,False,-49238.333364324477,ewma_fhs,14,49238.333364324477,101195.30357287847
worst_loss_2008,2008-12-18,2009-01-12,2009-01-13,100705.45462340856,False,-7401.5733509497149,ewma_fhs,15,7401.5733509497149,104183.36174600013
worst_loss_2008,2008-12-18,2009-01-13,2009-01-14,100548.63212209869,False,-28751.524846585777,ewma_fhs,16,28751.524846585777,104023.63230124029
worst_loss_2008,2008-12-18,2009-01-14,2009-01-15,98479.351229096981,False,-23817.637923631344,ewma_fhs,17,23817.637923631344,101886.65577715602
worst_loss_2008,2008-12-18,2009-01-15,2009-01-16,96867.749213176838,False,38027.545116572212,ewma_fhs,18,-38027.545116572212,100152.69295389944
worst_loss_2008,2008-12-18,2009-01-16,2009-01-19,96540.671525191006,False,-4654.3683344487754,ewma_fhs,19,4654.3683344487754,99478.797033639654
worst_loss_2008,2008-12-18,2009-01-19,2009-01-20,94861.001401988644,False,-17251.702047419476,ewma_fhs,20,17251.702047419476,97589.576341955413
worst_loss_2008,2008-12-18,2008-11-19,2008-11-20,77582.215292340581,False,-4838.2472065676075,ewma_gaussian,-20,4838.2472065676075,77202.072908280461
worst_loss_2008,2008-12-18,2008-11-20,2008-11-21,76243.072197553018,False,18055.642911808049,ewma_gaussian,-19,-18055.642911808049,75869.49143392012
worst_loss_2008,2008-12-18,2008-11-21,2008-11-24,74752.934438197888,False,43955.546874456682,ewma_gaussian,-18,-43955.546874456682,74386.655148469581
worst_loss_2008,2008-12-18,2008-11-24,2008-11-25,75051.386842781125,False,16361.843033463843,ewma_gaussian,-17,-16361.843033463843,74683.64517655097
worst_loss_2008,2008-12-18,2008-11-25,2008-11-26,73154.13310985564,False,-1221.9426951515979,ewma_gaussian,-16,1221.9426951515979,72795.687730854246
worst_loss_2008,2008-12-18,2008-11-26,2008-11-27,70729.618382232089,False,-26191.318544516005,ewma_gaussian,-15,26191.318544516005,70383.052798171775
worst_loss_2008,2008-12-18,2008-11-27,2008-11-28,70279.06815564468,False,-39952.581347398002,ewma_gaussian,-14,39952.581347398002,69934.7102068862
worst_loss_2008,2008-12-18,2008-11-28,2008-12-01,72646.574905437374,False,-33779.17054989902,ewma_gaussian,-13,33779.17054989902,72290.616493135123
worst_loss_2008,2008-12-18,2008-12-01,2008-12-02,74347.040236434754,False,14927.248639675792,ewma_gaussian,-12,-14927.248639675792,73982.749773513628
worst_loss_2008,2008-12-18,2008-12-02,2008-12-03,72318.904422568143,False,-7143.8947527910695,ewma_gaussian,-11,7143.8947527910695,71964.551551407931
worst_loss_2008,2008-12-18,2008-12-03,2008-12-04,70680.285312631575,False,5020.4806937118037,ewma_gaussian,-10,-5020.4806937118037,70333.961453954078
worst_loss_2008,2008-12-18,2008-12-04,2008-12-05,68647.228470033922,False,19576.731294189143,ewma_gaussian,-9,-19576.731294189143,68310.866315493928
worst_loss_2008,2008-12-18,2008-12-05,2008-12-08,67462.575427996067,False,35074.089110437082,ewma_gaussian,-8,-35074.089110437082,67132.017913475531
worst_loss_2008,2008-12-18,2008-12-08,2008-12-09,66807.691439817208,False,2412.737969322573,ewma_gaussian,-7,-2412.737969322573,66480.342768452436
worst_loss_2008,2008-12-18,2008-12-09,2008-12-10,65213.349521161377,False,19904.822302347275,ewma_gaussian,-6,-19904.822302347275,64893.812910017885
worst_loss_2008,2008-12-18,2008-12-10,2008-12-11,63862.372819755685,False,61305.441279373117,ewma_gaussian,-5,-61305.441279373117,63549.455812114713
worst_loss_2008,2008-12-18,2008-12-11,2008-12-12,70255.168604668856,False,26699.665721748483,ewma_gaussian,-4,-26699.665721748483,69910.927760484556
worst_loss_2008,2008-12-18,2008-12-12,2008-12-15,69660.981363596991,False,39179.466687035194,ewma_gaussian,-3,-39179.466687035194,69319.651956699541
worst_loss_2008,2008-12-18,2008-12-15,2008-12-16,70253.342787868387,False,20871.546485889165,ewma_gaussian,-2,-20871.546485889165,69909.110889939999
worst_loss_2008,2008-12-18,2008-12-16,2008-12-17,68701.193969645145,False,48512.58870041839,ewma_gaussian,-1,-48512.58870041839,68364.567391440491
worst_loss_2008,2008-12-18,2008-12-17,2008-12-18,71058.816863734668,True,93875.712093265887,ewma_gaussian,0,-93875.712093265887,70710.638251545213
worst_loss_2008,2008-12-18,2008-12-18,2008-12-19,84242.199467315833,False,-102109.70433229284,ewma_gaussian,1,102109.70433229284,83829.424059662182
worst_loss_2008,2008-12-18,2008-12-19,2008-12-22,104210.9517987742,False,13119.244977240578,ewma_gaussian,2,-13119.244977240578,103700.33219977612
worst_loss_2008,2008-12-18,2008-12-22,2008-12-23,100663.64085922988,False,-6638.0228244098735,ewma_gaussian,3,6638.0228244098735,100170.40260507324
worst_loss_2008,2008-12-18,2008-12-23,2008-12-24,97483.667828368401,False,6045.9988811002204,ewma_gaussian,4,-6045.9988811002204,97006.0110128784
worst_loss_2008,2008-12-18,2008-12-24,2008-12-29,94179.728097815125,False,52508.290260341062,ewma_gaussian,5,-52508.290260341062,93718.260141089049
worst_loss_2008,2008-12-18,2008-12-29,2008-12-30,94162.076312604244,False,-31044.395091649749,ewma_gaussian,6,31044.395091649749,93700.694847243358
worst_loss_2008,2008-12-18,2008-12-30,2008-12-31,94021.033220418889,False,-53100.643968185119,ewma_gaussian,7,53100.643968185119,93560.342847173888
worst_loss_2008,2008-12-18,2008-12-31,2009-01-02,97405.549536452323,False,-7003.3188293736202,ewma_gaussian,8,7003.3188293736202,96928.275490049477
worst_loss_2008,2008-12-18,2009-01-02,2009-01-05,94484.774103825664,False,-54752.762826683131,ewma_gaussian,9,54752.762826683131,94021.811462840677
worst_loss_2008,2008-12-18,2009-01-05,2009-01-06,98609.749866831131,False,-64874.259503761925,ewma_gaussian,10,64874.259503761925,98126.575401334179
worst_loss_2008,2008-12-18,2009-01-06,2009-01-07,104336.05164019731,False,18906.794362971574,ewma_gaussian,11,-18906.794362971574,103824.81906886036
worst_loss_2008,2008-12-18,2009-01-07,2009-01-08,101065.0159447256,False,-9331.4836738567901,ewma_gaussian,12,9331.4836738567901,100569.81100682156
worst_loss_2008,2008-12-18,2009-01-08,2009-01-09,98489.64333139472,False,10968.929322033317,ewma_gaussian,13,-10968.929322033317,98007.057371711213
worst_loss_2008,2008-12-18,2009-01-09,2009-01-12,95483.556865820487,False,-49238.333364324477,ewma_gaussian,14,49238.333364324477,95015.700324102276
worst_loss_2008,2008-12-18,2009-01-12,2009-01-13,98482.6270606615,False,-7401.5733509497149,ewma_gaussian,15,7401.5733509497149,98000.075479757637
worst_loss_2008,2008-12-18,2009-01-13,2009-01-14,95888.275223553763,False,-28751.524846585777,ewma_gaussian,16,28751.524846585777,95418.435616505405
worst_loss_2008,2008-12-18,2009-01-14,2009-01-15,94996.031700620675,False,-23817.637923631344,ewma_gaussian,17,23817.637923631344,94530.563966413203
worst_loss_2008,2008-12-18,2009-01-15,2009-01-16,93730.539842052807,False,38027.545116572212,ewma_gaussian,18,-38027.545116572212,93271.272847155371
worst_loss_2008,2008-12-18,2009-01-16,2009-01-19,92296.154414502365,False,-4654.3683344487754,ewma_gaussian,19,4654.3683344487754,91843.915714608302
worst_loss_2008,2008-12-18,2009-01-19,2009-01-20,89718.025800641262,False,-17251.702047419476,ewma_gaussian,20,17251.702047419476,89278.41958299838
worst_loss_2008,2008-12-18,2008-11-19,2008-11-20,34799.296179813602,False,-4838.2472065676075,historical,-20,4838.2472065676075,32829.050677888787
worst_loss_2008,2008-12-18,2008-11-20,2008-11-21,35009.190938498432,False,18055.642911808049,historical,-19,-18055.642911808049,33229.445636519653
worst_loss_2008,2008-12-18,2008-11-21,2008-11-24,34944.071398993241,True,43955.546874456682,historical,-18,-43955.546874456682,33288.332901732218
worst_loss_2008,2008-12-18,2008-11-24,2008-11-25,35092.227980604803,False,16361.843033463843,historical,-17,-16361.843033463843,34692.121016334982
worst_loss_2008,2008-12-18,2008-11-25,2008-11-26,34967.226538802475,False,-1221.9426951515979,historical,-16,1221.9426951515979,34532.08790011704
worst_loss_2008,2008-12-18,2008-11-26,2008-11-27,34916.852309175963,False,-26191.318544516005,historical,-15,26191.318544516005,34440.346953762557
worst_loss_2008,2008-12-18,2008-11-27,2008-11-28,35055.764479624544,False,-39952.581347398002,historical,-14,39952.581347398002,34649.681301002885
worst_loss_2008,2008-12-18,2008-11-28,2008-12-01,35430.93256680615,False,-33779.17054989902,historical,-13,33779.17054989902,35086.104111372333
worst_loss_2008,2008-12-18,2008-12-01,2008-12-02,35824.182000356763,False,14927.248639675792,historical,-12,-14927.248639675792,35362.128382356983
worst_loss_2008,2008-12-18,2008-12-02,2008-12-03,35693.255341242657,False,-7143.8947527910695,historical,-11,7143.8947527910695,35240.076931090109
worst_loss_2008,2008-12-18,2008-12-03,2008-12-04,35842.97251003456,False,5020.4806937118037,historical,-10,-5020.4806937118037,35401.727183853807
worst_loss_2008,2008-12-18,2008-12-04,2008-12-05,35833.4066777669,False,19576.731294189143,historical,-9,-19576.731294189143,35398.966001785921
worst_loss_2008,2008-12-18,2008-12-05,2008-12-08,35749.205807413062,True,35074.089110437082,historical,-8,-35074.089110437082,35054.500901716543
worst_loss_2008,2008-12-18,2008-12-08,2008-12-09,35507.701845790703,False,2412.737969322573,historical,-7,-2412.737969322573,34988.740311481095
worst_loss_2008,2008-12-18,2008-12-09,2008-12-10,35621.064292375435,False,19904.822302347275,historical,-6,-19904.822302347275,34996.740199765889
worst_loss_2008,2008-12-18,2008-12-10,2008-12-11,35417.983280496388,True,61305.441279373117,historical,-5,-61305.441279373117,34772.508531242209
worst_loss_2008,2008-12-18,2008-12-11,2008-12-12,36297.359740834043,False,26699.665721748483,historical,-4,-26699.665721748483,34616.704620464639
worst_loss_2008,2008-12-18,2008-12-12,2008-12-15,36183.044465462561,True,39179.466687035194,historical,-3,-39179.466687035194,34291.94702503852
worst_loss_2008,2008-12-18,2008-12-15,2008-12-16,36232.471685795455,False,20871.546485889165,historical,-2,-20871.546485889165,34436.39797032364
worst_loss_2008,2008-12-18,2008-12-16,2008-12-17,36005.594805991801,True,48512.58870041839,historical,-1,-48512.58870041839,34488.940770258749
worst_loss_2008,2008-12-18,2008-12-17,2008-12-18,36339.546720158804,True,93875.712093265887,historical,0,-93875.712093265887,37450.569879152143
worst_loss_2008,2008-12-18,2008-12-18,2008-12-19,37813.137321554132,False,-102109.70433229284,historical,1,102109.70433229284,36428.938757491349
worst_loss_2008,2008-12-18,2008-12-19,2008-12-22,39078.631742355457,False,13119.244977240578,historical,2,-13119.244977240578,37759.03986555634
worst_loss_2008,2008-12-18,2008-12-22,2008-12-23,38857.628897941548,False,-6638.0228244098735,historical,3,6638.0228244098735,37508.021942355525
worst_loss_2008,2008-12-18,2008-12-23,2008-12-24,38835.881466057966,False,6045.9988811002204,historical,4,-6045.9988811002204,37479.424569770279
worst_loss_2008,2008-12-18,2008-12-24,2008-12-29,38720.832799582233,True,52508.290260341062,historical,5,-52508.290260341062,37363.333646842257
worst_loss_2008,2008-12-18,2008-12-29,2008-12-30,39058.352640278834,False,-31044.395091649749,historical,6,31044.395091649749,36814.457869530859
worst_loss_2008,2008-12-18,2008-12-30,2008-12-31,39438.006911674041,False,-53100.643968185119,historical,7,53100.643968185119,37235.274948239057
worst_loss_2008,2008-12-18,2008-12-31,2009-01-02,39949.192557824885,False,-7003.3188293736202,historical,8,7003.3188293736202,37728.73592800786
worst_loss_2008,2008-12-18,2009-01-02,2009-01-05,39885.330595876265,False,-54752.762826683131,historical,9,54752.762826683131,37642.163743163794
worst_loss_2008,2008-12-18,2009-01-05,2009-01-06,40322.052369696008,False,-64874.259503761925,historical,10,64874.259503761925,38045.304689732686
worst_loss_2008,2008-12-18,2009-01-06,2009-01-07,40868.490763231246,False,18906.794362971574,historical,11,-18906.794362971574,38565.710323374631
worst_loss_2008,2008-12-18,2009-01-07,2009-01-08,40600.313683115441,False,-9331.4836738567901,historical,12,9331.4836738567901,38123.065906902579
worst_loss_2008,2008-12-18,2009-01-08,2009-01-09,40967.960753371102,False,10968.929322033317,historical,13,-10968.929322033317,38535.00578254836
worst_loss_2008,2008-12-18,2009-01-09,2009-01-12,40872.713118070358,False,-49238.333364324477,historical,14,49238.333364324477,38414.983215730936
worst_loss_2008,2008-12-18,2009-01-12,2009-01-13,41670.429274571201,False,-7401.5733509497149,historical,15,7401.5733509497149,39379.858178838083
worst_loss_2008,2008-12-18,2009-01-13,2009-01-14,41954.214947794026,False,-28751.524846585777,historical,16,28751.524846585777,39846.743421869694
worst_loss_2008,2008-12-18,2009-01-14,2009-01-15,42221.449802607007,False,-23817.637923631344,historical,17,23817.637923631344,40115.71546916318
worst_loss_2008,2008-12-18,2009-01-15,2009-01-16,42515.102811186734,False,38027.545116572212,historical,18,-38027.545116572212,40428.457899233312
worst_loss_2008,2008-12-18,2009-01-16,2009-01-19,42198.693284931403,False,-4654.3683344487754,historical,19,4654.3683344487754,39694.177983733804
worst_loss_2008,2008-12-18,2009-01-19,2009-01-20,42318.259455880361,False,-17251.702047419476,historical,20,17251.702047419476,39890.572821043694
worst_loss_2015,2015-12-04,2015-11-05,2015-11-06,66022.720677946563,False,613.64112963712569,ewma_fhs,-20,-613.64112963712569,63613.034669627035
worst_loss_2015,2015-12-04,2015-11-06,2015-11-09,64540.049446253033,False,-6987.763279480504,ewma_fhs,-19,6987.763279480504,61928.369242787288
worst_loss_2015,2015-12-04,2015-11-09,2015-11-10,64002.602688373794,False,-35508.686622561167,ewma_fhs,-18,35508.686622561167,61671.291707521857
worst_loss_2015,2015-12-04,2015-11-10,2015-11-11,64905.151899779914,False,-1468.5375271490052,ewma_fhs,-17,1468.5375271490052,62413.81658072806
worst_loss_2015,2015-12-04,2015-11-11,2015-11-12,63130.906837655617,False,-8085.2014268297617,ewma_fhs,-16,8085.2014268297617,60537.032780109301
worst_loss_2015,2015-12-04,2015-11-12,2015-11-13,61781.593981825659,False,8569.636203782653,ewma_fhs,-15,-8569.636203782653,59297.887076890969
worst_loss_2015,2015-12-04,2015-11-13,2015-11-16,60038.70457781812,False,-3384.3770972502803,ewma_fhs,-14,3384.3770972502803,57606.951211661115
worst_loss_2015,2015-12-04,2015-11-16,2015-11-17,58486.505783103603,False,-24770.77793779573,ewma_fhs,-13,24770.77793779573,56186.567114084464
worst_loss_2015,2015-12-04,2015-11-17,2015-11-18,58693.544183845996,False,8967.7271489828217,ewma_fhs,-12,-8967.7271489828217,56635.185539599006
worst_loss_2015,2015-12-04,2015-11-18,2015-11-19,57270.723567702451,False,-37.64994972401837,ewma_fhs,-11,37.64994972401837,54996.49772460942
worst_loss_2015,2015-12-04,2015-11-19,2015-11-20,56785.193009604656,False,-14676.722502684095,ewma_fhs,-10,14676.722502684095,54690.080636203216
worst_loss_2015,2015-12-04,2015-11-20,2015-11-23,56274.642545116541,False,-8893.1995752654675,ewma_fhs,-9,8893.1995752654675,54299.423912352162
worst_loss_2015,2015-12-04,2015-11-23,2015-11-24,55218.016903319898,False,-86.110237355883783,ewma_fhs,-8,86.110237355883783,53338.952761882894
worst_loss_2015,2015-12-04,2015-11-24,2015-11-25,54104.616693828197,False,-32337.819198906054,ewma_fhs,-7,32337.819198906054,52413.979123118639
worst_loss_2015,2015-12-04,2015-11-25,2015-11-26,55136.756105113251,False,18282.512344394578,ewma_fhs,-6,-18282.512344394578,53025.722213649722
worst_loss_2015,2015-12-04,2015-11-26,2015-11-27,54261.50724991272,False,-1393.4611589081485,ewma_fhs,-5,1393.4611589081485,52456.877698520009
worst_loss_2015,2015-12-04,2015-11-27,2015-11-30,53085.761858258695,False,5341.3207994820523,ewma_fhs,-4,-5341.3207994820523,51364.489114572687
worst_loss_2015,2015-12-04,2015-11-30,2015-12-01,51720.599932336918,False,-6164.5359030905147,ewma_fhs,-3,6164.5359030905147,50063.25484568203
worst_loss_2015,2015-12-04,2015-12-01,2015-12-02,51218.044246480182,False,-2086.3771229353588,ewma_fhs,-2,2086.3771229353588,49128.653101705357
worst_loss_2015,2015-12-04,2015-12-02,2015-12-03,50171.524762914283,False,21825.785551016492,ewma_fhs,-1,-21825.785551016492,48386.214756313435
worst_loss_2015,2015-12-04,2015-12-03,2015-12-04,51005.967537896278,True,87378.532683282887,ewma_fhs,0,-87378.532683282887,49408.451169432461
worst_loss_2015,2015-12-04,2015-12-04,2015-12-07,66667.335468778707,False,-28995.71364702595,ewma_fhs,1,28995.71364702595,66132.786297797924
worst_loss_2015,2015-12-04,2015-12-07,2015-12-08,66877.17743418779,False,38860.953444759791,ewma_fhs,2,-38860.953444759791,66008.836580796255
worst_loss_2015,2015-12-04,2015-12-08,2015-12-09,68344.436158027311,False,14690.051807760903,ewma_fhs,3,-14690.051807760903,66529.989314174978
worst_loss_2015,2015-12-04,2015-12-09,2015-12-10,66849.022825059525,False,-26564.152350533568,ewma_fhs,4,26564.152350533568,65134.123367046079
worst_loss_2015,2015-12-04,2015-12-10,2015-12-11,67146.688340364752,False,14556.193915943257,ewma_fhs,5,-14556.193915943257,66042.227546942202
worst_loss_2015,2015-12-04,2015-12-11,2015-12-14,65971.556777857462,False,1877.7581423385232,ewma_fhs,6,-1877.7581423385232,64872.394953646799
worst_loss_2015,2015-12-04,2015-12-14,2015-12-15,64943.140602513886,False,8742.4185888368647,ewma_fhs,7,-8742.4185888368647,63201.438082868131
worst_loss_2015,2015-12-04,2015-12-15,2015-12-16,63961.6192313254,False,-2179.6256618008392,ewma_fhs,8,2179.6256618008392,61496.489567366778
worst_loss_2015,2015-12-04,2015-12-16,2015-12-17,62606.066586870642,False,-23527.748006361493,ewma_fhs,9,23527.748006361493,60043.9546943604
worst_loss_2015,2015-12-04,2015-12-17,2015-12-18,62335.062889601657,False,-7170.8338945081396,ewma_fhs,10,7170.8338945081396,60177.00974420584
worst_loss_2015,2015-12-04,2015-12-18,2015-12-21,62227.538927381735,False,12521.927600483245,ewma_fhs,11,-12521.927600483245,60602.419957053593
worst_loss_2015,2015-12-04,2015-12-21,2015-12-22,60996.675117874016,False,18364.366751507368,ewma_fhs,12,-18364.366751507368,58995.654420305538
worst_loss_2015,2015-12-04,2015-12-22,2015-12-23,60745.518363428469,False,-12193.741412659085,ewma_fhs,13,12193.741412659085,58490.394136222363
worst_loss_2015,2015-12-04,2015-12-23,2015-12-24,59522.598777440544,False,338.45000118522557,ewma_fhs,14,-338.45000118522557,57485.799217962922
worst_loss_2015,2015-12-04,2015-12-24,2015-12-28,57917.877178453251,False,10145.959833481596,ewma_fhs,15,-10145.959833481596,55876.043976340152
worst_loss_2015,2015-12-04,2015-12-28,2015-12-29,56429.128698961387,False,2368.0735238114198,ewma_fhs,16,-2368.0735238114198,54390.877349186914
worst_loss_2015,2015-12-04,2015-12-29,2015-12-30,55220.536567528157,False,-16242.786853350532,ewma_fhs,17,16242.786853350532,53267.663503073891
worst_loss_2015,2015-12-04,2015-12-30,2015-12-31,54355.378475590034,False,-18145.580583768537,ewma_fhs,18,18145.580583768537,52235.420238511113
worst_loss_2015,2015-12-04,2015-12-31,2016-01-04,54175.62414601216,False,22685.011811283824,ewma_fhs,19,-22685.011811283824,52074.617068642321
worst_loss_2015,2015-12-04,2016-01-04,2016-01-05,57238.906142228851,False,-57652.883089927243,ewma_fhs,20,57652.883089927243,55485.513705810961
worst_loss_2015,2015-12-04,2015-11-05,2015-11-06,66741.317980977503,False,613.64112963712569,ewma_gaussian,-20,-613.64112963712569,66414.294530602943
worst_loss_2015,2015-12-04,2015-11-06,2015-11-09,64709.074286245843,False,-6987.763279480504,ewma_gaussian,-19,6987.763279480504,64392.008555694003
worst_loss_2015,2015-12-04,2015-11-09,2015-11-10,62946.637681448919,False,-35508.686622561167,ewma_gaussian,-18,35508.686622561167,62638.20765239359
worst_loss_2015,2015-12-04,2015-11-10,2015-11-11,64727.471605686769,False,-1468.5375271490052,ewma_gaussian,-17,1468.5375271490052,64410.315730752656
worst_loss_2015,2015-12-04,2015-11-11,2015-11-12,62792.013273361197,False,-8085.2014268297617,ewma_gaussian,-16,8085.2014268297617,62484.340883036639
worst_loss_2015,2015-12-04,2015-11-12,2015-11-13,61172.680729532141,False,8569.636203782653,ewma_gaussian,-15,-8569.636203782653,60872.942850119362
worst_loss_2015,2015-12-04,2015-11-13,2015-11-16,59425.132197255727,False,-3384.3770972502803,ewma_gaussian,-14,3384.3770972502803,59133.957069793483
worst_loss_2015,2015-12-04,2015-11-16,2015-11-17,57682.062788297138,False,-24770.77793779573,ewma_gaussian,-13,24770.77793779573,57399.428465685669
worst_loss_2015,2015-12-04,2015-11-17,2015-11-18,58022.782464190655,False,8967.7271489828217,ewma_gaussian,-12,-8967.7271489828217,57738.478661152491
worst_loss_2015,2015-12-04,2015-11-18,2015-11-19,56398.388706360463,False,-37.64994972401837,ewma_gaussian,-11,37.64994972401837,56122.044213499597
worst_loss_2015,2015-12-04,2015-11-19,2015-11-20,54750.156844488687,False,-14676.722502684095,ewma_gaussian,-10,14676.722502684095,54481.888465297619
worst_loss_2015,2015-12-04,2015-11-20,2015-11-23,53888.262271647392,False,-8893.1995752654675,ewma_gaussian,-9,8893.1995752654675,53624.217059537768
worst_loss_2015,2015-12-04,2015-11-23,2015-11-24,52594.431998860317,False,-86.110237355883783,ewma_gaussian,-8,86.110237355883783,52336.726380465749
worst_loss_2015,2015-12-04,2015-11-24,2015-11-25,50986.992832909702,False,-32337.819198906054,ewma_gaussian,-7,32337.819198906054,50737.163449480497
worst_loss_2015,2015-12-04,2015-11-25,2015-11-26,53151.520380381371,False,18282.512344394578,ewma_gaussian,-6,-18282.512344394578,52891.085104104684
worst_loss_2015,2015-12-04,2015-11-26,2015-11-27,52407.378727167801,False,-1393.4611589081485,ewma_gaussian,-5,1393.4611589081485,52150.589644558895
worst_loss_2015,2015-12-04,2015-11-27,2015-11-30,50844.934052620585,False,5341.3207994820523,ewma_gaussian,-4,-5341.3207994820523,50595.800738041849
worst_loss_2015,2015-12-04,2015-11-30,2015-12-01,49360.454345809936,False,-6164.5359030905147,ewma_gaussian,-3,6164.5359030905147,49118.594781441992
worst_loss_2015,2015-12-04,2015-12-01,2015-12-02,48098.830392601049,False,-2086.3771229353588,ewma_gaussian,-2,2086.3771229353588,47863.152615328923
worst_loss_2015,2015-12-04,2015-12-02,2015-12-03,46673.607007765881,False,21825.785551016492,ewma_gaussian,-1,-21825.785551016492,46444.912632724394
worst_loss_2015,2015-12-04,2015-12-03,2015-12-04,46714.233726596438,True,87378.532683282887,ewma_gaussian,0,-87378.532683282887,46485.340286115847
worst_loss_2015,2015-12-04,2015-12-04,2015-12-07,66247.447797038854,False,-28995.71364702595,ewma_gaussian,1,28995.71364702595,65922.844243910484
worst_loss_2015,2015-12-04,2015-12-07,2015-12-08,66686.949141206729,False,38860.953444759791,ewma_gaussian,2,-38860.953444759791,66360.192090809185
worst_loss_2015,2015-12-04,2015-12-08,2015-12-09,67742.998626480636,False,14690.051807760903,ewma_gaussian,3,-14690.051807760903,67411.067076134801
worst_loss_2015,2015-12-04,2015-12-09,2015-12-10,65986.117242800043,False,-26564.152350533568,ewma_gaussian,4,26564.152350533568,65662.794174117007
worst_loss_2015,2015-12-04,2015-12-10,2015-12-11,66149.174598184036,False,14556.193915943257,ewma_gaussian,5,-14556.193915943257,65825.052570466622
worst_loss_2015,2015-12-04,2015-12-11,2015-12-14,64407.847012646671,False,1877.7581423385232,ewma_gaussian,6,-1877.7581423385232,64092.257255080367
worst_loss_2015,2015-12-04,2015-12-14,2015-12-15,62353.810350355729,False,8742.4185888368647,ewma_gaussian,7,-8742.4185888368647,62048.285095211897
worst_loss_2015,2015-12-04,2015-12-15,2015-12-16,60637.630587079722,False,-2179.6256618008392,ewma_gaussian,8,2179.6256618008392,60340.514381152003
worst_loss_2015,2015-12-04,2015-12-16,2015-12-17,58844.643178414437,False,-23527.748006361493,ewma_gaussian,9,23527.748006361493,58556.312368798885
worst_loss_2015,2015-12-04,2015-12-17,2015-12-18,58918.607297504837,False,-7170.8338945081396,ewma_gaussian,10,7170.8338945081396,58629.914073688298
worst_loss_2015,2015-12-04,2015-12-18,2015-12-21,57260.579530785602,False,12521.927600483245,ewma_gaussian,11,-12521.927600483245,56980.010419250495
worst_loss_2015,2015-12-04,2015-12-21,2015-12-22,55895.268689238175,False,18364.366751507368,ewma_gaussian,12,-18364.366751507368,55621.389416557686
worst_loss_2015,2015-12-04,2015-12-22,2015-12-23,55036.254050361349,False,-12193.741412659085,ewma_gaussian,13,12193.741412659085,54766.583833474571
worst_loss_2015,2015-12-04,2015-12-23,2015-12-24,53934.476244586789,False,338.45000118522557,ewma_gaussian,14,-338.45000118522557,53670.204590247035
worst_loss_2015,2015-12-04,2015-12-24,2015-12-28,52289.456286093759,False,10145.959833481596,ewma_gaussian,15,-10145.959833481596,52033.245007530735
worst_loss_2015,2015-12-04,2015-12-28,2015-12-29,50951.353664166367,False,2368.0735238114198,ewma_gaussian,16,-2368.0735238114198,50701.698907853963
worst_loss_2015,2015-12-04,2015-12-29,2015-12-30,49416.695133473193,False,-16242.786853350532,ewma_gaussian,17,16242.786853350532,49174.559996836222
worst_loss_2015,2015-12-04,2015-12-30,2015-12-31,48950.328111685682,False,-18145.580583768537,ewma_gaussian,18,18145.580583768537,48710.478110512304
worst_loss_2015,2015-12-04,2015-12-31,2016-01-04,48793.986743018875,False,22685.011811283824,ewma_gaussian,19,-22685.011811283824,48554.902793451365
worst_loss_2015,2015-12-04,2016-01-04,2016-01-05,48765.972137701901,False,-57652.883089927243,ewma_gaussian,20,57652.883089927243,48527.025455919473
worst_loss_2015,2015-12-04,2015-11-05,2015-11-06,52593.424334560717,False,613.64112963712569,historical,-20,-613.64112963712569,48574.782165436001
worst_loss_2015,2015-12-04,2015-11-06,2015-11-09,52615.079445674761,False,-6987.763279480504,historical,-19,6987.763279480504,48642.162721766559
worst_loss_2015,2015-12-04,2015-11-09,2015-11-10,52638.052433564691,False,-35508.686622561167,historical,-18,35508.686622561167,48527.081371880297
worst_loss_2015,2015-12-04,2015-11-10,2015-11-11,52981.456416784247,False,-1468.5375271490052,historical,-17,1468.5375271490052,48886.862995335337
worst_loss_2015,2015-12-04,2015-11-11,2015-11-12,53006.83238186645,False,-8085.2014268297617,historical,-16,8085.2014268297617,48910.746474855405
worst_loss_2015,2015-12-04,2015-11-12,2015-11-13,53094.704221942666,False,8569.636203782653,historical,-15,-8569.636203782653,48949.657653167087
worst_loss_2015,2015-12-04,2015-11-13,2015-11-16,53019.058789264833,False,-3384.3770972502803,historical,-14,3384.3770972502803,48890.12795060729
worst_loss_2015,2015-12-04,2015-11-16,2015-11-17,53051.458045374777,False,-24770.77793779573,historical,-13,24770.77793779573,48912.641378159045
worst_loss_2015,2015-12-04,2015-11-17,2015-11-18,53348.887711488474,False,8967.7271489828217,historical,-12,-8967.7271489828217,49152.861139909313
worst_loss_2015,2015-12-04,2015-11-18,2015-11-19,53267.858150049775,False,-37.64994972401837,historical,-11,37.64994972401837,49084.57219870168
worst_loss_2015,2015-12-04,2015-11-19,2015-11-20,53334.154279765396,False,-14676.722502684095,historical,-10,14676.722502684095,49127.770690503443
worst_loss_2015,2015-12-04,2015-11-20,2015-11-23,53470.134832722222,False,-8893.1995752654675,historical,-9,8893.1995752654675,49252.828247537982
worst_loss_2015,2015-12-04,2015-11-23,2015-11-24,53589.587786714554,False,-86.110237355883783,historical,-8,86.110237355883783,49388.433025583327
worst_loss_2015,2015-12-04,2015-11-24,2015-11-25,53603.965882004966,False,-32337.819198906054,historical,-7,32337.819198906054,49477.008256048553
worst_loss_2015,2015-12-04,2015-11-25,2015-11-26,53958.619019588994,False,18282.512344394578,historical,-6,-18282.512344394578,49756.732659581925
worst_loss_2015,2015-12-04,2015-11-26,2015-11-27,53799.159469051032,False,-1393.4611589081485,historical,-5,1393.4611589081485,49660.213829765045
worst_loss_2015,2015-12-04,2015-11-27,2015-11-30,53853.345111628631,False,5341.3207994820523,historical,-4,-5341.3207994820523,49752.760894429455
worst_loss_2015,2015-12-04,2015-11-30,2015-12-01,53798.572528193705,False,-6164.5359030905147,historical,-3,6164.5359030905147,49640.114773683454
worst_loss_2015,2015-12-04,2015-12-01,2015-12-02,53875.968341601059,False,-2086.3771229353588,historical,-2,2086.3771229353588,49607.19254689716
worst_loss_2015,2015-12-04,2015-12-02,2015-12-03,53885.058315403221,False,21825.785551016492,historical,-1,-21825.785551016492,49588.44868753873
worst_loss_2015,2015-12-04,2015-12-03,2015-12-04,53606.956354580856,True,87378.532683282887,historical,0,-87378.532683282887,49290.623925797183
worst_loss_2015,2015-12-04,2015-12-04,2015-12-07,54332.826838363602,False,-28995.71364702595,historical,1,28995.71364702595,49081.725722509087
worst_loss_2015,2015-12-04,2015-12-07,2015-12-08,54614.280645489802,False,38860.953444759791,historical,2,-38860.953444759791,49370.054847836815
worst_loss_2015,2015-12-04,2015-12-08,2015-12-09,54168.175748671456,False,14690.051807760903,historical,3,-14690.051807760903,48932.582608070254
worst_loss_2015,2015-12-04,2015-12-09,2015-12-10,53985.88811402073,False,-26564.152350533568,historical,4,26564.152350533568,48734.752809311496
worst_loss_2015,2015-12-04,2015-12-10,2015-12-11,54298.696992318481,False,14556.193915943257,historical,5,-14556.193915943257,48982.607978867854
worst_loss_2015,2015-12-04,2015-12-11,2015-12-14,54117.183555303433,False,1877.7581423385232,historical,6,-1877.7581423385232,48847.56567328376
worst_loss_2015,2015-12-04,2015-12-14,2015-12-15,54065.990605486033,False,8742.4185888368647,historical,7,-8742.4185888368647,48746.297072346046
worst_loss_2015,2015-12-04,2015-12-15,2015-12-16,54020.767270809934,False,-2179.6256618008392,historical,8,2179.6256618008392,48739.453115751407
worst_loss_2015,2015-12-04,2015-12-16,2015-12-17,54050.932172823021,False,-23527.748006361493,historical,9,23527.748006361493,48797.194831840563
worst_loss_2015,2015-12-04,2015-12-17,2015-12-18,54310.27115396077,False,-7170.8338945081396,historical,10,7170.8338945081396,49081.032858078834
worst_loss_2015,2015-12-04,2015-12-18,2015-12-21,54364.010475951487,False,12521.927600483245,historical,11,-12521.927600483245,49122.787380062873
worst_loss_2015,2015-12-04,2015-12-21,2015-12-22,54272.372627191806,False,18364.366751507368,historical,12,-18364.366751507368,49031.138101990975
worst_loss_2015,2015-12-04,2015-12-22,2015-12-23,54104.774510587689,False,-12193.741412659085,historical,13,12193.741412659085,48812.400587573007
worst_loss_2015,2015-12-04,2015-12-23,2015-12-24,54231.634981392912,False,338.45000118522557,historical,14,-338.45000118522557,48956.127853285361
worst_loss_2015,2015-12-04,2015-12-24,2015-12-28,54233.441918419841,False,10145.959833481596,historical,15,-10145.959833481596,48924.765870598581
worst_loss_2015,2015-12-04,2015-12-28,2015-12-29,54150.850105355363,False,2368.0735238114198,historical,16,-2368.0735238114198,48861.758500716154
worst_loss_2015,2015-12-04,2015-12-29,2015-12-30,54162.095750513821,False,-16242.786853350532,historical,17,16242.786853350532,48876.288883796602
worst_loss_2015,2015-12-04,2015-12-30,2015-12-31,54315.657318687525,False,-18145.580583768537,historical,18,18145.580583768537,49006.735922173837
worst_loss_2015,2015-12-04,2015-12-31,2016-01-04,54547.844888378888,False,22685.011811283824,historical,19,-22685.011811283824,49257.549469918922
worst_loss_2015,2015-12-04,2016-01-04,2016-01-05,54366.564275350363,False,-57652.883089927243,historical,20,57652.883089927243,49214.627769268642
worst_loss_2020,2020-03-23,2020-02-21,2020-02-24,31844.574720392982,False,938.99323362994176,ewma_fhs,-20,-938.99323362994176,29749.37174544259
worst_loss_2020,2020-03-23,2020-02-24,2020-02-25,31309.353554041321,False,-986.65337266095185,ewma_fhs,-19,986.65337266095185,29204.45098499244
worst_loss_2020,2020-03-23,2020-02-25,2020-02-26,31053.461173633947,False,18587.956163593768,ewma_fhs,-18,-18587.956163593768,28829.624473007581
worst_loss_2020,2020-03-23,2020-02-26,2020-02-27,31276.91360450345,True,30178.774575558877,ewma_fhs,-17,-30178.774575558877,29645.608679765101
worst_loss_2020,2020-03-23,2020-02-27,2020-02-28,33480.906305635355,False,4404.3803141419967,ewma_fhs,-16,-4404.3803141419967,31533.686867429042
worst_loss_2020,2020-03-23,2020-02-28,2020-03-02,35293.353970483717,True,49169.903973515487,ewma_fhs,-15,-49169.903973515487,33358.30956761515
worst_loss_2020,2020-03-23,2020-03-02,2020-03-03,42266.97030801099,False,-8225.3846016198513,ewma_fhs,-14,8225.3846016198513,41091.276746366741
worst_loss_2020,2020-03-23,2020-03-03,2020-03-04,41345.332811460939,False,-9201.4413259192243,ewma_fhs,-13,9201.4413259192243,39926.1841962084
worst_loss_2020,2020-03-23,2020-03-04,2020-03-05,40709.425391318575,False,14480.302330368731,ewma_fhs,-12,-14480.302330368731,38843.484141385117
worst_loss_2020,2020-03-23,2020-03-05,2020-03-06,40496.449194716799,False,14706.722362321654,ewma_fhs,-11,-14706.722362321654,38865.067093474143
worst_loss_2020,2020-03-23,2020-03-06,2020-03-09,44641.74276263819,False,8194.5681768313825,ewma_fhs,-10,-8194.5681768313825,43700.365867284912
worst_loss_2020,2020-03-23,2020-03-09,2020-03-10,49318.310495956837,False,11085.919895698968,ewma_fhs,-9,-11085.919895698968,45729.580258180657
worst_loss_2020,2020-03-23,2020-03-10,2020-03-11,49872.02560783887,False,-3171.1602071554121,ewma_fhs,-8,3171.1602071554121,46716.172380412165
worst_loss_2020,2020-03-23,2020-03-11,2020-03-12,48775.850483247617,False,-8048.8843095035791,ewma_fhs,-7,8048.8843095035791,45335.425374352337
worst_loss_2020,2020-03-23,2020-03-12,2020-03-13,53338.978215386014,False,21014.805298246843,ewma_fhs,-6,-21014.805298246843,50957.736780662315
worst_loss_2020,2020-03-23,2020-03-13,2020-03-16,57378.825104215452,False,26511.257247642621,ewma_fhs,-5,-26511.257247642621,54252.104485766482
worst_loss_2020,2020-03-23,2020-03-16,2020-03-17,63948.836829922802,False,-14763.1033181109,ewma_fhs,-4,14763.1033181109,60849.780615223739
worst_loss_2020,2020-03-23,2020-03-17,2020-03-18,65158.456884524894,False,20912.724942605768,ewma_fhs,-3,-20912.724942605768,60516.017709423802
worst_loss_2020,2020-03-23,2020-03-18,2020-03-19,65293.50898057509,False,2241.5633300274649,ewma_fhs,-2,-2241.5633300274649,60926.508631428107
worst_loss_2020,2020-03-23,2020-03-19,2020-03-20,65660.344860712125,False,-47583.898529565166,ewma_fhs,-1,47583.898529565166,62229.143173164397
worst_loss_2020,2020-03-23,2020-03-20,2020-03-23,69692.135857779664,False,55429.56965411883,ewma_fhs,0,-55429.56965411883,66644.890854325364
worst_loss_2020,2020-03-23,2020-03-23,2020-03-24,71305.62577031921,False,-8202.917960350409,ewma_fhs,1,8202.917960350409,68063.381872692422
worst_loss_2020,2020-03-23,2020-03-24,2020-03-25,71386.580067706353,False,-12508.34819015539,ewma_fhs,2,12508.34819015539,67388.839536294254
worst_loss_2020,2020-03-23,2020-03-25,2020-03-26,71635.873998816489,False,23510.071310201722,ewma_fhs,3,-23510.071310201722,67189.577962425916
worst_loss_2020,2020-03-23,2020-03-26,2020-03-27,71636.677416739345,False,-26914.772924592609,ewma_fhs,4,26914.772924592609,67893.595909348369
worst_loss_2020,2020-03-23,2020-03-27,2020-03-30,71967.262924147959,False,-12671.353512890288,ewma_fhs,5,12671.353512890288,68426.928071714239
worst_loss_2020,2020-03-23,2020-03-30,2020-03-31,71200.71173444434,False,-15431.448584633115,ewma_fhs,6,15431.448584633115,67606.409889241506
worst_loss_2020,2020-03-23,2020-03-31,2020-04-01,69985.776554873417,False,-15270.007269597616,ewma_fhs,7,15270.007269597616,67087.532904791165
worst_loss_2020,2020-03-23,2020-04-01,2020-04-02,69234.141582749333,False,-20616.635657121238,ewma_fhs,8,20616.635657121238,65373.26934199543
worst_loss_2020,2020-03-23,2020-04-02,2020-04-03,68061.928846584487,False,-10343.58536625938,ewma_fhs,9,10343.58536625938,64364.674273768687
worst_loss_2020,2020-03-23,2020-04-03,2020-04-06,67447.317034370877,False,-4825.4540701013111,ewma_fhs,10,4825.4540701013111,65711.301363999344
worst_loss_2020,2020-03-23,2020-04-06,2020-04-07,66422.430490278115,False,14278.424082339285,ewma_fhs,11,-14278.424082339285,63819.823624647499
worst_loss_2020,2020-03-23,2020-04-07,2020-04-08,66569.4333250536,False,-7157.8339330365015,ewma_fhs,12,7157.8339330365015,63427.288888158291
worst_loss_2020,2020-03-23,2020-04-08,2020-04-09,64794.497372037957,False,-12344.708793247772,ewma_fhs,13,12344.708793247772,61644.350937234056
worst_loss_2020,2020-03-23,2020-04-09,2020-04-14,63518.931725019349,False,-18340.668385940364,ewma_fhs,14,18340.668385940364,60086.791195869358
worst_loss_2020,2020-03-23,2020-04-14,2020-04-15,64848.530112340886,False,-2641.038985854062,ewma_fhs,15,2641.038985854062,60707.739515058871
worst_loss_2020,2020-03-23,2020-04-15,2020-04-16,63794.123309797898,False,-8027.7125772592817,ewma_fhs,16,8027.7125772592817,59746.291647472077
worst_loss_2020,2020-03-23,2020-04-16,2020-04-17,62089.812740992726,False,-17468.612611777884,ewma_fhs,17,17468.612611777884,58149.174662664911
worst_loss_2020,2020-03-23,2020-04-17,2020-04-20,61253.748442701763,False,6102.528504287613,ewma_fhs,18,-6102.528504287613,57919.261559475482
worst_loss_2020,2020-03-23,2020-04-20,2020-04-21,59466.474959144747,False,7639.7725928128848,ewma_fhs,19,-7639.7725928128848,56185.735729686341
worst_loss_2020,2020-03-23,2020-04-21,2020-04-22,58930.018935913642,False,4602.3259265596371,ewma_fhs,20,-4602.3259265596371,55504.240377250499
worst_loss_2020,2020-03-23,2020-02-21,2020-02-24,27780.623387160336,False,938.99323362994176,ewma_gaussian,-20,-938.99323362994176,27644.50208197103
worst_loss_2020,2020-03-23,2020-02-24,2020-02-25,26937.943376899289,False,-986.65337266095185,ewma_gaussian,-19,986.65337266095185,26805.951090028077
worst_loss_2020,2020-03-23,2020-02-25,2020-02-26,26151.121340597136,False,18587.956163593768,ewma_gaussian,-18,-18587.956163593768,26022.984375510485
worst_loss_2020,2020-03-23,2020-02-26,2020-02-27,27380.047225264661,True,30178.774575558877,ewma_gaussian,-17,-30178.774575558877,27245.888689204941
worst_loss_2020,2020-03-23,2020-02-27,2020-02-28,31474.219561208163,False,4404.3803141419967,ewma_gaussian,-16,-4404.3803141419967,31320.000133271693
worst_loss_2020,2020-03-23,2020-02-28,2020-03-02,30556.727487526048,True,49169.903973515487,ewma_gaussian,-15,-49169.903973515487,30407.003646921439
worst_loss_2020,2020-03-23,2020-03-02,2020-03-03,40393.386021772487,False,-8225.3846016198513,ewma_gaussian,-14,8225.3846016198513,40195.463881953248
worst_loss_2020,2020-03-23,2020-03-03,2020-03-04,39511.154332074366,False,-9201.4413259192243,ewma_gaussian,-13,9201.4413259192243,39317.555008464384
worst_loss_2020,2020-03-23,2020-03-04,2020-03-05,38750.824012686273,False,14480.302330368731,ewma_gaussian,-12,-14480.302330368731,38560.950205023422
worst_loss_2020,2020-03-23,2020-03-05,2020-03-06,38369.371827081923,False,14706.722362321654,ewma_gaussian,-11,-14706.722362321654,38181.367083645891
worst_loss_2020,2020-03-23,2020-03-06,2020-03-09,37874.74879237017,False,8194.5681768313825,ewma_gaussian,-10,-8194.5681768313825,37689.167635047495
worst_loss_2020,2020-03-23,2020-03-09,2020-03-10,36807.093370190814,False,11085.919895698968,ewma_gaussian,-9,-11085.919895698968,36626.743580340873
worst_loss_2020,2020-03-23,2020-03-10,2020-03-11,36210.19264877859,False,-3171.1602071554121,ewma_gaussian,-8,3171.1602071554121,36032.767591902935
worst_loss_2020,2020-03-23,2020-03-11,2020-03-12,35166.735356113917,False,-8048.8843095035791,ewma_gaussian,-7,8048.8843095035791,34994.423099142266
worst_loss_2020,2020-03-23,2020-03-12,2020-03-13,34380.382168231357,False,21014.805298246843,ewma_gaussian,-6,-21014.805298246843,34211.922935750285
worst_loss_2020,2020-03-23,2020-03-13,2020-03-16,35267.915885556111,False,26511.257247642621,ewma_gaussian,-5,-26511.257247642621,35095.107857646006
worst_loss_2020,2020-03-23,2020-03-16,2020-03-17,36886.884505170114,False,-14763.1033181109,ewma_gaussian,-4,14763.1033181109,36706.143749527757
worst_loss_2020,2020-03-23,2020-03-17,2020-03-18,36866.937762637994,False,20912.724942605768,ewma_gaussian,-3,-20912.724942605768,36686.294743341939
worst_loss_2020,2020-03-23,2020-03-18,2020-03-19,37371.363787804556,False,2241.5633300274649,ewma_gaussian,-2,-2241.5633300274649,37188.249149064963
worst_loss_2020,2020-03-23,2020-03-19,2020-03-20,36172.359510332557,False,-47583.898529565166,ewma_gaussian,-1,47583.898529565166,35995.119830729149
worst_loss_2020,2020-03-23,2020-03-20,2020-03-23,45159.799418823888,True,55429.56965411883,ewma_gaussian,0,-55429.56965411883,44938.522496657381
worst_loss_2020,2020-03-23,2020-03-23,2020-03-24,53249.792366824709,False,-8202.917960350409,ewma_gaussian,1,8202.917960350409,52988.875571077726
worst_loss_2020,2020-03-23,2020-03-24,2020-03-25,52172.97288608388,False,-12508.34819015539,ewma_gaussian,2,12508.34819015539,51917.332360459739
worst_loss_2020,2020-03-23,2020-03-25,2020-03-26,51520.628909252591,False,23510.071310201722,ewma_gaussian,3,-23510.071310201722,51268.184781071417
worst_loss_2020,2020-03-23,2020-03-26,2020-03-27,51430.072241188282,False,-26914.772924592609,ewma_gaussian,4,26914.772924592609,51178.071828458655
worst_loss_2020,2020-03-23,2020-03-27,2020-03-30,52489.173750485279,False,-12671.353512890288,ewma_gaussian,5,12671.353512890288,52231.983883301575
worst_loss_2020,2020-03-23,2020-03-30,2020-03-31,51703.214767494152,False,-15431.448584633115,ewma_gaussian,6,15431.448584633115,51449.875993250265
worst_loss_2020,2020-03-23,2020-03-31,2020-04-01,51082.048491397589,False,-15270.007269597616,ewma_gaussian,7,15270.007269597616,50831.753348070961
worst_loss_2020,2020-03-23,2020-04-01,2020-04-02,50340.298949470161,False,-20616.635657121238,ewma_gaussian,8,20616.635657121238,50093.638278788851
worst_loss_2020,2020-03-23,2020-04-02,2020-04-03,50471.922594191645,False,-10343.58536625938,ewma_gaussian,9,10343.58536625938,50224.616985415771
worst_loss_2020,2020-03-23,2020-04-03,2020-04-06,49352.497795411757,False,-4825.4540701013111,ewma_gaussian,10,4825.4540701013111,49110.677217066899
worst_loss_2020,2020-03-23,2020-04-06,2020-04-07,48086.648929918607,False,14278.424082339285,ewma_gaussian,11,-14278.424082339285,47851.030840169558
worst_loss_2020,2020-03-23,2020-04-07,2020-04-08,47300.225194086037,False,-7157.8339330365015,ewma_gaussian,12,7157.8339330365015,47068.460474503008
worst_loss_2020,2020-03-23,2020-04-08,2020-04-09,46081.122203410952,False,-12344.708793247772,ewma_gaussian,13,12344.708793247772,45855.33092394616
worst_loss_2020,2020-03-23,2020-04-09,2020-04-14,45413.788289502969,False,-18340.668385940364,ewma_gaussian,14,18340.668385940364,45191.266856149712
worst_loss_2020,2020-03-23,2020-04-14,2020-04-15,45558.392243107119,False,-2641.038985854062,ewma_gaussian,15,2641.038985854062,45335.162269897657
worst_loss_2020,2020-03-23,2020-04-15,2020-04-16,44112.472682137479,False,-8027.7125772592817,ewma_gaussian,16,8027.7125772592817,43896.327519628445
worst_loss_2020,2020-03-23,2020-04-16,2020-04-17,43088.750495836393,False,-17468.612611777884,ewma_gaussian,17,17468.612611777884,42877.621433873712
worst_loss_2020,2020-03-23,2020-04-17,2020-04-20,43168.579247480309,False,6102.528504287613,ewma_gaussian,18,-6102.528504287613,42957.059035408645
worst_loss_2020,2020-03-23,2020-04-20,2020-04-21,41938.479370701563,False,7639.7725928128848,ewma_gaussian,19,-7639.7725928128848,41732.986482005879
worst_loss_2020,2020-03-23,2020-04-21,2020-04-22,40688.314876510776,False,4602.3259265596371,ewma_gaussian,20,-4602.3259265596371,40488.947625108347
worst_loss_2020,2020-03-23,2020-02-21,2020-02-24,38015.741956012564,False,938.99323362994176,historical,-20,-938.99323362994176,34927.626209480826
worst_loss_2020,2020-03-23,2020-02-24,2020-02-25,38016.478416413011,False,-986.65337266095185,historical,-19,986.65337266095185,34940.141311118794
worst_loss_2020,2020-03-23,2020-02-25,2020-02-26,38032.192723236039,False,18587.956163593768,historical,-18,-18587.956163593768,34965.634390705825
worst_loss_2020,2020-03-23,2020-02-26,2020-02-27,37898.966246315671,False,30178.774575558877,historical,-17,-30178.774575558877,34846.124036423971
worst_loss_2020,2020-03-23,2020-02-27,2020-02-28,37688.897760218031,False,4404.3803141419967,historical,-16,-4404.3803141419967,34655.771245478936
worst_loss_2020,2020-03-23,2020-02-28,2020-03-02,37675.435012909649,True,49169.903973515487,historical,-15,-49169.903973515487,34675.585687668696
worst_loss_2020,2020-03-23,2020-03-02,2020-03-03,38039.910503477433,False,-8225.3846016198513,historical,-14,8225.3846016198513,36638.372038038877
worst_loss_2020,2020-03-23,2020-03-03,2020-03-04,38096.348467660508,False,-9201.4413259192243,historical,-13,9201.4413259192243,36671.68334592021
worst_loss_2020,2020-03-23,2020-03-04,2020-03-05,38165.284309326082,False,14480.302330368731,historical,-12,-14480.302330368731,36695.436664670859
worst_loss_2020,2020-03-23,2020-03-05,2020-03-06,38060.249808730034,False,14706.722362321654,historical,-11,-14706.722362321654,36608.410339516078
worst_loss_2020,2020-03-23,2020-03-06,2020-03-09,37924.084048787896,False,8194.5681768313825,historical,-10,-8194.5681768313825,36261.662918569004
worst_loss_2020,2020-03-23,2020-03-09,2020-03-10,37907.85067432034,False,11085.919895698968,historical,-9,-11085.919895698968,36025.426435912945
worst_loss_2020,2020-03-23,2020-03-10,2020-03-11,37794.797802459681,False,-3171.1602071554121,historical,-8,3171.1602071554121,36117.727449713566
worst_loss_2020,2020-03-23,2020-03-11,2020-03-12,37825.538342230051,False,-8048.8843095035791,historical,-7,8048.8843095035791,36157.073030846921
worst_loss_2020,2020-03-23,2020-03-12,2020-03-13,37935.702028891756,False,21014.805298246843,historical,-6,-21014.805298246843,36161.203425046006
worst_loss_2020,2020-03-23,2020-03-13,2020-03-16,37764.235797377194,False,26511.257247642621,historical,-5,-26511.257247642621,36302.81964773238
worst_loss_2020,2020-03-23,2020-03-16,2020-03-17,37619.133161033591,False,-14763.1033181109,historical,-4,14763.1033181109,35894.74435836426
worst_loss_2020,2020-03-23,2020-03-17,2020-03-18,37757.98451783802,False,20912.724942605768,historical,-3,-20912.724942605768,36214.867225187576
worst_loss_2020,2020-03-23,2020-03-18,2020-03-19,37622.590936855311,False,2241.5633300274649,historical,-2,-2241.5633300274649,36071.215524545034
worst_loss_2020,2020-03-23,2020-03-19,2020-03-20,37602.616864845113,False,-47583.898529565166,historical,-1,47583.898529565166,36184.145097845605
worst_loss_2020,2020-03-23,2020-03-20,2020-03-23,37931.800644120529,True,55429.56965411883,historical,0,-55429.56965411883,36685.512400518142
worst_loss_2020,2020-03-23,2020-03-23,2020-03-24,38506.411686748135,False,-8202.917960350409,historical,1,8202.917960350409,36725.069052393381
worst_loss_2020,2020-03-23,2020-03-24,2020-03-25,38522.313003095114,False,-12508.34819015539,historical,2,12508.34819015539,36747.543102741765
worst_loss_2020,2020-03-23,2020-03-25,2020-03-26,38605.141623912459,False,23510.071310201722,historical,3,-23510.071310201722,36827.026962223921
worst_loss_2020,2020-03-23,2020-03-26,2020-03-27,38446.204758547196,False,-26914.772924592609,historical,4,26914.772924592609,36674.606029125811
worst_loss_2020,2020-03-23,2020-03-27,2020-03-30,38636.878445275317,False,-12671.353512890288,historical,5,12671.353512890288,36852.319659055283
worst_loss_2020,2020-03-23,2020-03-30,2020-03-31,38714.094029963737,False,-15431.448584633115,historical,6,15431.448584633115,36927.893103176371
worst_loss_2020,2020-03-23,2020-03-31,2020-04-01,38848.036809067831,False,-15270.007269597616,historical,7,15270.007269597616,37052.550149072325
worst_loss_2020,2020-03-23,2020-04-01,2020-04-02,38989.449320967717,False,-20616.635657121238,historical,8,20616.635657121238,37180.862914035642
worst_loss_2020,2020-03-23,2020-04-02,2020-04-03,39145.419919295455,False,-10343.58536625938,historical,9,10343.58536625938,37327.618570118058
worst_loss_2020,2020-03-23,2020-04-03,2020-04-06,39228.854224131319,False,-4825.4540701013111,historical,10,4825.4540701013111,37406.214438054019
worst_loss_2020,2020-03-23,2020-04-06,2020-04-07,39252.441774967723,False,14278.424082339285,historical,11,-14278.424082339285,37432.823072622377
worst_loss_2020,2020-03-23,2020-04-07,2020-04-08,39119.591077208745,False,-7157.8339330365015,historical,12,7157.8339330365015,37313.750672843234
worst_loss_2020,2020-03-23,2020-04-08,2020-04-09,39167.297147545032,False,-12344.708793247772,historical,13,12344.708793247772,37359.063594944222
worst_loss_2020,2020-03-23,2020-04-09,2020-04-14,39254.035132750425,False,-18340.668385940364,historical,14,18340.668385940364,37442.986557610318
worst_loss_2020,2020-03-23,2020-04-14,2020-04-15,39384.058913835965,False,-2641.038985854062,historical,15,2641.038985854062,37569.403600733167
worst_loss_2020,2020-03-23,2020-04-15,2020-04-16,39423.028640856937,False,-8027.7125772592817,historical,16,8027.7125772592817,37602.002337286525
worst_loss_2020,2020-03-23,2020-04-16,2020-04-17,39473.496610619921,False,-17468.612611777884,historical,17,17468.612611777884,37651.003990054181
worst_loss_2020,2020-03-23,2020-04-17,2020-04-20,39605.100604338717,False,6102.528504287613,historical,18,-6102.528504287613,37777.348424410346
worst_loss_2020,2020-03-23,2020-04-20,2020-04-21,39556.478548630643,False,7639.7725928128848,historical,19,-7639.7725928128848,37732.650929914897
worst_loss_2020,2020-03-23,2020-04-21,2020-04-22,39529.267885836402,False,4602.3259265596371,historical,20,-4602.3259265596371,37702.019011411547
worst_loss_2022,2022-02-04,2022-01-06,2022-01-07,29395.396627707069,False,1129.8453553698494,ewma_fhs,-20,-1129.8453553698494,27475.16816924158
worst_loss_2022,2022-02-04,2022-01-07,2022-01-10,28849.041473910125,False,-470.53628718947431,ewma_fhs,-19,470.53628718947431,26841.640574481105
worst_loss_2022,2022-02-04,2022-01-10,2022-01-11,28407.841759049646,False,16468.65593060022,ewma_fhs,-18,-16468.65593060022,26618.468945955137
worst_loss_2022,2022-02-04,2022-01-11,2022-01-12,28658.665079312104,False,-1267.1067920392356,ewma_fhs,-17,1267.1067920392356,27146.285080050053
worst_loss_2022,2022-02-04,2022-01-12,2022-01-13,28190.222752853344,False,1163.7748420083003,ewma_fhs,-16,-1163.7748420083003,26655.520278699747
worst_loss_2022,2022-02-04,2022-01-13,2022-01-14,28973.023843302955,False,-5430.520067277308,ewma_fhs,-15,5430.520067277308,26668.372602891319
worst_loss_2022,2022-02-04,2022-01-14,2022-01-17,29227.620056637741,False,670.01188811841416,ewma_fhs,-14,-670.01188811841416,27096.62646226236
worst_loss_2022,2022-02-04,2022-01-17,2022-01-18,28766.485730446144,False,-5156.1573754422916,ewma_fhs,-13,5156.1573754422916,26520.135823667304
worst_loss_2022,2022-02-04,2022-01-18,2022-01-19,28241.600592645394,False,-24278.464295775309,ewma_fhs,-12,24278.464295775309,25880.431828167872
worst_loss_2022,2022-02-04,2022-01-19,2022-01-20,29299.128573217477,False,-5671.9453037574476,ewma_fhs,-11,5671.9453037574476,27537.997986795803
worst_loss_2022,2022-02-04,2022-01-20,2022-01-21,28656.58525392595,False,4915.8206310890619,ewma_fhs,-10,-4915.8206310890619,27056.524807603662
worst_loss_2022,2022-02-04,2022-01-21,2022-01-24,28947.304681059635,False,-7277.2746726613741,ewma_fhs,-9,7277.2746726613741,27603.838357972141
worst_loss_2022,2022-02-04,2022-01-24,2022-01-25,29568.873865444573,False,-796.04117513114204,ewma_fhs,-8,796.04117513114204,27814.725381858647
worst_loss_2022,2022-02-04,2022-01-25,2022-01-26,29835.263810619919,False,-1316.8140782404953,ewma_fhs,-7,1316.8140782404953,27692.937923288704
worst_loss_2022,2022-02-04,2022-01-26,2022-01-27,29655.883584365387,False,-9910.4332425055927,ewma_fhs,-6,9910.4332425055927,27657.518526403201
worst_loss_2022,2022-02-04,2022-01-27,2022-01-28,30605.318364951389,False,6714.9310985439824,ewma_fhs,-5,-6714.9310985439824,27604.902892510523
worst_loss_2022,2022-02-04,2022-01-28,2022-01-31,31268.928014938931,False,-3746.964030720148,ewma_fhs,-4,3746.964030720148,29522.387340245477
worst_loss_2022,2022-02-04,2022-01-31,2022-02-01,31444.197148652453,False,15453.613115516968,ewma_fhs,-3,-15453.613115516968,29183.589158538627
worst_loss_2022,2022-02-04,2022-02-01,2022-02-02,32173.372330329148,False,8156.5063186959724,ewma_fhs,-2,-8156.5063186959724,30105.935295749841
worst_loss_2022,2022-02-04,2022-02-02,2022-02-03,31834.92953349444,False,-907.38548292641883,ewma_fhs,-1,907.38548292641883,29893.702731897021
worst_loss_2022,2022-02-04,2022-02-03,2022-02-04,31176.180838830249,True,90990.335710610365,ewma_fhs,0,-90990.335710610365,29230.20646922486
worst_loss_2022,2022-02-04,2022-02-04,2022-02-07,50229.121454966051,False,-5536.2816708919472,ewma_fhs,1,5536.2816708919472,43078.665004968381
worst_loss_2022,2022-02-04,2022-02-07,2022-02-08,48937.813087104114,False,-14539.06156344923,ewma_fhs,2,14539.06156344923,42052.349857921276
worst_loss_2022,2022-02-04,2022-02-08,2022-02-09,48123.021179789343,False,-284.58836587169753,ewma_fhs,3,284.58836587169753,41349.068041477294
worst_loss_2022,2022-02-04,2022-02-09,2022-02-10,47113.221537162026,False,2913.3095952742424,ewma_fhs,4,-2913.3095952742424,40619.068371592402
worst_loss_2022,2022-02-04,2022-02-10,2022-02-11,45858.986886686551,False,-6182.3747039304844,ewma_fhs,5,6182.3747039304844,39559.910263685699
worst_loss_2022,2022-02-04,2022-02-11,2022-02-14,44766.185900275057,False,-38678.106036437435,ewma_fhs,6,38678.106036437435,38642.915618803214
worst_loss_2022,2022-02-04,2022-02-14,2022-02-15,47842.410965840369,False,8498.2049298626807,ewma_fhs,7,-8498.2049298626807,41041.041902122313
worst_loss_2022,2022-02-04,2022-02-15,2022-02-16,46630.809654858698,False,10111.5941627191,ewma_fhs,8,-10111.5941627191,40098.550498742683
worst_loss_2022,2022-02-04,2022-02-16,2022-02-17,45565.863182880174,False,-22287.705438279736,ewma_fhs,9,22287.705438279736,39052.409450950734
worst_loss_2022,2022-02-04,2022-02-17,2022-02-18,45673.359501430234,False,-8365.590430162576,ewma_fhs,10,8365.590430162576,38850.691157118155
worst_loss_2022,2022-02-04,2022-02-18,2022-02-21,44496.502075925739,False,-15495.142842166082,ewma_fhs,11,15495.142842166082,37853.969857338809
worst_loss_2022,2022-02-04,2022-02-21,2022-02-22,44291.234906939171,False,11244.158533780112,ewma_fhs,12,-11244.158533780112,37501.092440328255
worst_loss_2022,2022-02-04,2022-02-22,2022-02-23,43435.314452905681,False,-10431.001015928725,ewma_fhs,13,10431.001015928725,36776.871512172016
worst_loss_2022,2022-02-04,2022-02-23,2022-02-24,43053.648696348901,False,-52528.679585583726,ewma_fhs,14,52528.679585583726,37051.749797087286
worst_loss_2022,2022-02-04,2022-02-24,2022-02-25,51445.207941676927,False,26913.838585098867,ewma_fhs,15,-26913.838585098867,44780.521088925998
worst_loss_2022,2022-02-04,2022-02-25,2022-02-28,52279.5729783036,False,-17564.351203105769,ewma_fhs,16,17564.351203105769,45809.546420041079
worst_loss_2022,2022-02-04,2022-02-28,2022-03-01,51761.598628104686,False,-38926.962726769802,ewma_fhs,17,38926.962726769802,45044.713190447605
worst_loss_2022,2022-02-04,2022-03-01,2022-03-02,53680.595587904922,False,-17234.570952312093,ewma_fhs,18,17234.570952312093,46842.206047150474
worst_loss_2022,2022-02-04,2022-03-02,2022-03-03,52893.227380640441,False,-21001.1169428418,ewma_fhs,19,21001.1169428418,45525.391525836283
worst_loss_2022,2022-02-04,2022-03-03,2022-03-04,52559.518846826992,False,-76522.357304526959,ewma_fhs,20,76522.357304526959,44560.18590429287
worst_loss_2022,2022-02-04,2022-01-06,2022-01-07,24802.96239386818,False,1129.8453553698494,ewma_gaussian,-20,-1129.8453553698494,24681.431225666423
worst_loss_2022,2022-02-04,2022-01-07,2022-01-10,24049.728203693263,False,-470.53628718947431,ewma_gaussian,-19,470.53628718947431,23931.887781363221
worst_loss_2022,2022-02-04,2022-01-10,2022-01-11,23323.21300218975,False,16468.65593060022,ewma_gaussian,-18,-16468.65593060022,23208.932406293061
worst_loss_2022,2022-02-04,2022-01-11,2022-01-12,24433.43790445913,False,-1267.1067920392356,ewma_gaussian,-17,1267.1067920392356,24313.717356382655
worst_loss_2022,2022-02-04,2022-01-12,2022-01-13,23713.368155461081,False,1163.7748420083003,ewma_gaussian,-16,-1163.7748420083003,23597.175851970595
worst_loss_2022,2022-02-04,2022-01-13,2022-01-14,22997.581768527165,False,-5430.520067277308,ewma_gaussian,-15,5430.520067277308,22884.896721726647
worst_loss_2022,2022-02-04,2022-01-14,2022-01-17,22517.223081610588,False,670.01188811841416,ewma_gaussian,-14,-670.01188811841416,22406.891727544426
worst_loss_2022,2022-02-04,2022-01-17,2022-01-18,21835.276298905945,False,-5156.1573754422916,ewma_gaussian,-13,5156.1573754422916,21728.286392036185
worst_loss_2022,2022-02-04,2022-01-18,2022-01-19,21392.15562251271,False,-24278.464295775309,ewma_gaussian,-12,24278.464295775309,21287.336947151562
worst_loss_2022,2022-02-04,2022-01-19,2022-01-20,25090.091978320423,False,-5671.9453037574476,ewma_gaussian,-11,5671.9453037574476,24967.153913907256
worst_loss_2022,2022-02-04,2022-01-20,2022-01-21,24571.587101000441,False,4915.8206310890619,ewma_gaussian,-10,-4915.8206310890619,24451.189640506203
worst_loss_2022,2022-02-04,2022-01-21,2022-01-24,23940.98561605981,False,-7277.2746726613741,ewma_gaussian,-9,7277.2746726613741,23823.678017732746
worst_loss_2022,2022-02-04,2022-01-24,2022-01-25,23596.329220986161,False,-796.04117513114204,ewma_gaussian,-8,796.04117513114204,23480.710392478457
worst_loss_2022,2022-02-04,2022-01-25,2022-01-26,22895.381323776768,False,-1316.8140782404953,ewma_gaussian,-7,1316.8140782404953,22783.197045362063
worst_loss_2022,2022-02-04,2022-01-26,2022-01-27,22230.02173450794,False,-9910.4332425055927,ewma_gaussian,-6,9910.4332425055927,22121.097628280488
worst_loss_2022,2022-02-04,2022-01-27,2022-01-28,22337.32013562772,False,6714.9310985439824,ewma_gaussian,-5,-6714.9310985439824,22227.870281716288
worst_loss_2022,2022-02-04,2022-01-28,2022-01-31,21941.162295912625,False,-3746.964030720148,ewma_gaussian,-4,3746.964030720148,21833.653561948417
worst_loss_2022,2022-02-04,2022-01-31,2022-02-01,21423.701193754063,False,15453.613115516968,ewma_gaussian,-3,-15453.613115516968,21318.727949351371
worst_loss_2022,2022-02-04,2022-02-01,2022-02-02,22478.927170434417,False,8156.5063186959724,ewma_gaussian,-2,-8156.5063186959724,22368.78346116441
worst_loss_2022,2022-02-04,2022-02-02,2022-02-03,22255.172757424025,False,-907.38548292641883,ewma_gaussian,-1,907.38548292641883,22146.12541457879
worst_loss_2022,2022-02-04,2022-02-03,2022-02-04,21596.404930348792,True,90990.335710610365,ewma_gaussian,0,-90990.335710610365,21490.585460945724
worst_loss_2022,2022-02-04,2022-02-04,2022-02-07,55224.834289730861,False,-5536.2816708919472,ewma_gaussian,1,5536.2816708919472,54954.240055122878
worst_loss_2022,2022-02-04,2022-02-07,2022-02-08,53701.731036230056,False,-14539.06156344923,ewma_gaussian,2,14539.06156344923,53438.599801998818
worst_loss_2022,2022-02-04,2022-02-08,2022-02-09,52875.255114135034,False,-284.58836587169753,ewma_gaussian,3,284.58836587169753,52616.173500376855
worst_loss_2022,2022-02-04,2022-02-09,2022-02-10,51284.232871242952,False,2913.3095952742424,ewma_gaussian,4,-2913.3095952742424,51032.947051742864
worst_loss_2022,2022-02-04,2022-02-10,2022-02-11,49733.991644935566,False,-6182.3747039304844,ewma_gaussian,5,6182.3747039304844,49490.301798216315
worst_loss_2022,2022-02-04,2022-02-11,2022-02-14,48396.360008376083,False,-38678.106036437435,ewma_gaussian,6,38678.106036437435,48159.224376142687
worst_loss_2022,2022-02-04,2022-02-14,2022-02-15,52258.417558692207,False,8498.2049298626807,ewma_gaussian,7,-8498.2049298626807,52002.35836570432
worst_loss_2022,2022-02-04,2022-02-15,2022-02-16,50816.845118171273,False,10111.5941627191,ewma_gaussian,8,-10111.5941627191,50567.849435580312
worst_loss_2022,2022-02-04,2022-02-16,2022-02-17,49517.051680527889,False,-22287.705438279736,ewma_gaussian,9,22287.705438279736,49274.424810354962
worst_loss_2022,2022-02-04,2022-02-17,2022-02-18,49876.327495299542,False,-8365.590430162576,ewma_gaussian,10,8365.590430162576,49631.940222123842
worst_loss_2022,2022-02-04,2022-02-18,2022-02-21,48668.162306640341,False,-15495.142842166082,ewma_gaussian,11,15495.142842166082,48429.694879829243
worst_loss_2022,2022-02-04,2022-02-21,2022-02-22,48147.532333119845,False,11244.158533780112,ewma_gaussian,12,-11244.158533780112,47911.615922912242
worst_loss_2022,2022-02-04,2022-02-22,2022-02-23,47026.921257212722,False,-10431.001015928725,ewma_gaussian,13,10431.001015928725,46796.495690033931
worst_loss_2022,2022-02-04,2022-02-23,2022-02-24,46071.501539089732,False,-52528.679585583726,ewma_gaussian,14,52528.679585583726,45845.757399581664
worst_loss_2022,2022-02-04,2022-02-24,2022-02-25,54463.275242262505,False,26913.838585098867,ewma_gaussian,15,-26913.838585098867,54196.412544203406
worst_loss_2022,2022-02-04,2022-02-25,2022-02-28,54677.326501783798,False,-17564.351203105769,ewma_gaussian,16,17564.351203105769,54409.414981442445
worst_loss_2022,2022-02-04,2022-02-28,2022-03-01,54132.616184906234,False,-38926.962726769802,ewma_gaussian,17,38926.962726769802,53867.373671600821
worst_loss_2022,2022-02-04,2022-03-01,2022-03-02,57432.01766292478,False,-17234.570952312093,ewma_gaussian,18,17234.570952312093,57150.608527680328
worst_loss_2022,2022-02-04,2022-03-02,2022-03-03,56719.03110375844,False,-21001.1169428418,ewma_gaussian,19,21001.1169428418,56441.115506425776
worst_loss_2022,2022-02-04,2022-03-03,2022-03-04,56466.538447450417,False,-76522.357304526959,ewma_gaussian,20,76522.357304526959,56189.860030056021
worst_loss_2022,2022-02-04,2022-01-06,2022-01-07,35352.543357299081,False,1129.8453553698494,historical,-20,-1129.8453553698494,33669.049858514751
worst_loss_2022,2022-02-04,2022-01-07,2022-01-10,35359.788206385841,False,-470.53628718947431,historical,-19,470.53628718947431,33674.767127842359
worst_loss_2022,2022-02-04,2022-01-10,2022-01-11,35373.706351980771,False,16468.65593060022,historical,-18,-16468.65593060022,33693.300081506895
worst_loss_2022,2022-02-04,2022-01-11,2022-01-12,35282.474320864181,False,-1267.1067920392356,historical,-17,1267.1067920392356,33604.834013466054
worst_loss_2022,2022-02-04,2022-01-12,2022-01-13,35282.684804864533,False,1163.7748420083003,historical,-16,-1163.7748420083003,33587.996436095818
worst_loss_2022,2022-02-04,2022-01-13,2022-01-14,35251.909713722023,False,-5430.520067277308,historical,-15,5430.520067277308,33550.102153660446
worst_loss_2022,2022-02-04,2022-01-14,2022-01-17,35280.264771271606,False,670.01188811841416,historical,-14,-670.01188811841416,33576.941694928333
worst_loss_2022,2022-02-04,2022-01-17,2022-01-18,35277.525513900153,False,-5156.1573754422916,historical,-13,5156.1573754422916,33581.787323940203
worst_loss_2022,2022-02-04,2022-01-18,2022-01-19,35308.190393940909,False,-24278.464295775309,historical,-12,24278.464295775309,33624.11561779699
worst_loss_2022,2022-02-04,2022-01-19,2022-01-20,35469.271116671945,False,-5671.9453037574476,historical,-11,5671.9453037574476,33769.96054289896
worst_loss_2022,2022-02-04,2022-01-20,2022-01-21,35508.530819427047,False,4915.8206310890619,historical,-10,-4915.8206310890619,33822.911462576456
worst_loss_2022,2022-02-04,2022-01-21,2022-01-24,35456.896337750572,False,-7277.2746726613741,historical,-9,7277.2746726613741,33781.140365682055
worst_loss_2022,2022-02-04,2022-01-24,2022-01-25,35487.926391769346,False,-796.04117513114204,historical,-8,796.04117513114204,33822.204119477326
worst_loss_2022,2022-02-04,2022-01-25,2022-01-26,35523.57976063004,False,-1316.8140782404953,historical,-7,1316.8140782404953,33875.093741667326
worst_loss_2022,2022-02-04,2022-01-26,2022-01-27,35544.541387864949,False,-9910.4332425055927,historical,-6,9910.4332425055927,33885.778131561907
worst_loss_2022,2022-02-04,2022-01-27,2022-01-28,35590.71407386387,False,6714.9310985439824,historical,-5,-6714.9310985439824,33984.875118548167
worst_loss_2022,2022-02-04,2022-01-28,2022-01-31,35542.973801601729,False,-3746.964030720148,historical,-4,3746.964030720148,33912.234421270558
worst_loss_2022,2022-02-04,2022-01-31,2022-02-01,35365.332509903041,False,15453.613115516968,historical,-3,-15453.613115516968,33958.68056573168
worst_loss_2022,2022-02-04,2022-02-01,2022-02-02,35237.415609034673,False,8156.5063186959724,historical,-2,-8156.5063186959724,33811.878133691891
worst_loss_2022,2022-02-04,2022-02-02,2022-02-03,35192.941240995628,False,-907.38548292641883,historical,-1,907.38548292641883,33748.492511373974
worst_loss_2022,2022-02-04,2022-02-03,2022-02-04,35205.39450830729,True,90990.335710610365,historical,0,-90990.335710610365,33756.537255007752
worst_loss_2022,2022-02-04,2022-02-04,2022-02-07,37171.940674978447,False,-5536.2816708919472,historical,1,5536.2816708919472,33666.472797691524
worst_loss_2022,2022-02-04,2022-02-07,2022-02-08,37215.274459564505,False,-14539.06156344923,historical,2,14539.06156344923,33705.10908698773
worst_loss_2022,2022-02-04,2022-02-08,2022-02-09,37316.795875235242,False,-284.58836587169753,historical,3,284.58836587169753,33792.717983148621
worst_loss_2022,2022-02-04,2022-02-09,2022-02-10,37325.613721254405,False,2913.3095952742424,historical,4,-2913.3095952742424,33818.21386657907
worst_loss_2022,2022-02-04,2022-02-10,2022-02-11,37311.775195414033,False,-6182.3747039304844,historical,5,6182.3747039304844,33805.171068557
worst_loss_2022,2022-02-04,2022-02-11,2022-02-14,37354.038211217921,False,-38678.106036437435,historical,6,38678.106036437435,33834.12578199702
worst_loss_2022,2022-02-04,2022-02-14,2022-02-15,37607.511182467577,False,8498.2049298626807,historical,7,-8498.2049298626807,34052.222330074321
worst_loss_2022,2022-02-04,2022-02-15,2022-02-16,37548.875851155419,False,10111.5941627191,historical,8,-10111.5941627191,34007.611332424902
worst_loss_2022,2022-02-04,2022-02-16,2022-02-17,37486.894458510782,False,-22287.705438279736,historical,9,22287.705438279736,33956.277461552563
worst_loss_2022,2022-02-04,2022-02-17,2022-02-18,37635.655089630112,False,-8365.590430162576,historical,10,8365.590430162576,34115.792083433509
worst_loss_2022,2022-02-04,2022-02-18,2022-02-21,37692.92597351619,False,-15495.142842166082,historical,11,15495.142842166082,34169.105297679074
worst_loss_2022,2022-02-04,2022-02-21,2022-02-22,37780.295211129567,False,11244.158533780112,historical,12,-11244.158533780112,34261.079216703889
worst_loss_2022,2022-02-04,2022-02-22,2022-02-23,37709.048934919912,False,-10431.001015928725,historical,13,10431.001015928725,34188.484190582087
worst_loss_2022,2022-02-04,2022-02-23,2022-02-24,37795.559149629516,False,-52528.679585583726,historical,14,52528.679585583726,34281.353614011627
worst_loss_2022,2022-02-04,2022-02-24,2022-02-25,38137.115582796701,False,26913.838585098867,historical,15,-26913.838585098867,34550.205435585776
worst_loss_2022,2022-02-04,2022-02-25,2022-02-28,37986.831363608042,False,-17564.351203105769,historical,16,17564.351203105769,34400.703677255311
worst_loss_2022,2022-02-04,2022-02-28,2022-03-01,38092.247641391179,False,-38926.962726769802,historical,17,38926.962726769802,34510.380922486285
worst_loss_2022,2022-02-04,2022-03-01,2022-03-02,38346.472684370201,False,-17234.570952312093,historical,18,17234.570952312093,34771.181546423373
worst_loss_2022,2022-02-04,2022-03-02,2022-03-03,38461.846962926538,False,-21001.1169428418,historical,19,21001.1169428418,34869.194158255443
worst_loss_2022,2022-02-04,2022-03-03,2022-03-04,38611.533748333037,False,-76522.357304526959,historical,20,76522.357304526959,35014.676199450536
